name,datetime,temp,feelslike,dew,humidity,precip,precipprob,preciptype,snow,snowdepth,windgust,windspeed,winddir,sealevelpressure,cloudcover,visibility,solarradiation,solarenergy,uvindex,severerisk,conditions,icon,stations
portugal,2018-10-01T00:00:00,19.4,19.4,15.1,76.17,0,0,,0,0,27.7,13.1,317,1018.7,18.6,10,0,0,0,,Clear,clear-night,"08535099999,08534099999,08536099999,LPPT,08579099999"
portugal,2018-10-01T01:00:00,19,19,14.9,77.3,0,0,,0,0,26.6,16.1,315,1018.6,0,11.6,0,0,0,,Clear,clear-night,"08535099999,08534099999,08536099999,LPPT,08579099999"
portugal,2018-10-01T02:00:00,19,19,14.9,77.09,0,0,,0,0,24.8,17.4,328,1018.6,29.2,10,0,0,0,,Partially cloudy,partly-cloudy-night,"08535099999,08534099999,08536099999,LPPT,08579099999"
portugal,2018-10-01T03:00:00,18.9,18.9,15.1,78.48,0,0,,0,0,23,12.6,330,1018.3,31.4,10,0,0,0,,Partially cloudy,partly-cloudy-night,"08535099999,08534099999,08536099999,LPPT,08579099999"
portugal,2018-10-01T04:00:00,18.8,18.8,15.1,78.93,0,0,,0,0,21.6,14.1,329,1017.8,0,11.6,0,0,0,,Clear,clear-night,"08535099999,08534099999,08536099999,LPPT,08579099999"
portugal,2018-10-01T05:00:00,18.1,18.1,14.8,81.08,0,0,,0,0,20.9,10.7,325,1017.8,26.3,10,0,0,0,,Partially cloudy,partly-cloudy-night,"08535099999,08534099999,08536099999,LPPT,08579099999"
portugal,2018-10-01T06:00:00,17.7,17.7,15.5,87.17,0,0,,0,0,20.5,10.2,351,1017.9,18.2,10,0,0,0,,Clear,clear-night,"08535099999,08534099999,08536099999,LPPT,08579099999"
portugal,2018-10-01T07:00:00,17.6,17.6,15.7,88.71,0,0,,0,0,20.9,6.4,2,1018.1,20.3,11.2,0,0,0,,Partially cloudy,partly-cloudy-night,"08535099999,08532099999,08534099999,08536099999,LPPT,08579099999"
portugal,2018-10-01T08:00:00,17.7,17.7,15.1,84.43,0,0,,0,0,24.5,11.8,358,1018.8,26.1,8.1,12,0,0,,Partially cloudy,partly-cloudy-day,"08535099999,08532099999,08534099999,D7126,08536099999,LPPT,08579099999"
portugal,2018-10-01T09:00:00,19.9,19.9,15,73.25,0,0,,0,0,25.2,7.2,2,1019,24.2,9.5,44,0.2,0,,Partially cloudy,partly-cloudy-day,"08535099999,08532099999,08534099999,D7126,08536099999,LPPT,08579099999"
portugal,2018-10-01T10:00:00,23.1,23.1,16.5,66.33,0,0,,0,0,25.6,8.8,4,1019.1,0,9.4,160,0.6,2,,Clear,clear-day,"08535099999,08532099999,08534099999,D7126,08536099999,LPPT,08579099999"
portugal,2018-10-01T11:00:00,25.1,25.1,16.8,60.12,0,0,,0,0,25.6,9.3,23,1019,0,10,451,1.6,5,,Clear,clear-day,"08535099999,D7126,08536099999,LPPT,08579099999"
portugal,2018-10-01T12:00:00,26.7,26.6,11.6,39,0,0,,0,0,25.6,12.3,339,1019.1,0,10,633,2.3,6,,Clear,clear-day,"08532099999,08534099999,D7126,08536099999,LPPT,08579099999"
portugal,2018-10-01T13:00:00,29.1,29.5,17,48.06,0,0,,0,0,25.9,11.1,33,1018.2,0,21,707,2.5,7,,Clear,clear-day,"08535099999,08532099999,08534099999,D7126,08536099999,LPPT,08579099999"
portugal,2018-10-01T14:00:00,29.7,28.2,7.4,24.64,0,0,,0,0,28.1,12.1,328,1017.8,1.6,10,725,2.6,7,,Clear,clear-day,"08532099999,08534099999,D7126,08536099999,LPPT,08579099999"
portugal,2018-10-01T15:00:00,29.2,28.3,12.1,34.97,0,0,,0,0,32.4,15.3,338,1017.1,0.9,10,689,2.5,7,,Clear,clear-day,"08535099999,08532099999,08534099999,D7126,08536099999,LPPT,08579099999"
portugal,2018-10-01T16:00:00,28.1,27.4,10.9,34.3,0,0,,0,0,36,11.3,22,1016.7,9.9,21.3,585,2.1,6,,Clear,clear-day,"08535099999,08532099999,08534099999,D7126,08536099999,LPPT,08579099999"
portugal,2018-10-01T17:00:00,27.7,27,9.5,31.97,0,0,,0,0,36.7,15.5,324,1016.6,0.3,10,435,1.6,4,,Clear,clear-day,"08535099999,08532099999,08534099999,D7126,08536099999,LPPT,08579099999"
portugal,2018-10-01T18:00:00,26.1,26.1,12,41.54,0,0,,0,0,36.4,17,320,1017,0.9,10,256,0.9,3,,Clear,clear-day,"08534099999,D7126,08536099999,LPPT,08579099999"
portugal,2018-10-01T19:00:00,23.9,23.9,11.9,47.17,0,0,,0,0,28.8,15.4,320,1017.1,0,11.6,61,0.2,1,,Clear,clear-day,"08534099999,D7126,08536099999,LPPT,08579099999"
portugal,2018-10-01T20:00:00,22.2,22.2,10.7,48.21,0,0,,0,0,31,17.2,317,1017.3,0.7,10,7,0,0,,Clear,clear-night,"08534099999,D7126,08536099999,LPPT,08579099999"
portugal,2018-10-01T21:00:00,21.2,21.2,9.7,47.97,0,0,,0,0,28.8,15.5,318,1017.8,0,10,0,0,0,,Clear,clear-night,"08534099999,08536099999,LPPT,08579099999"
portugal,2018-10-01T22:00:00,22.5,22.5,9.6,44.16,0,0,,0,0,27.7,11.4,327,1017.9,0,11.6,0,0,0,,Clear,clear-night,"08535099999,08534099999,08536099999,LPPT,08579099999"
portugal,2018-10-01T23:00:00,20.8,20.8,9.6,48.6,0,0,,0,0,25.6,11.4,335,1018.2,0,10,0,0,0,,Clear,clear-night,"08534099999,08536099999,LPPT,08579099999"
portugal,2018-10-02T00:00:00,20.7,20.7,9.6,49.12,0,0,,0,0,23,6.9,341,1018.3,0,10,0,0,0,,Clear,clear-night,"08534099999,08536099999,LPPT,08579099999"
portugal,2018-10-02T01:00:00,21.8,21.8,9.3,44.91,0,0,,0,0,20.5,8.2,360,1017.9,0,11.6,0,0,0,,Clear,clear-night,"08535099999,08534099999,08536099999,LPPT,08579099999"
portugal,2018-10-02T02:00:00,21.9,21.9,8.4,41.96,0,0,,0,0,19.4,10.3,21,1017.9,4.2,10,0,0,0,,Clear,clear-night,"08535099999,08534099999,08536099999,LPPT,08579099999"
portugal,2018-10-02T03:00:00,20.3,20.3,6.8,41.43,0,0,,0,0,18.7,11.6,34,1017.9,28.8,10,0,0,0,,Partially cloudy,partly-cloudy-night,"08534099999,08536099999,LPPT,08579099999"
portugal,2018-10-02T04:00:00,22,22,6.3,36.18,0,0,,0,0,18.4,13.4,44,1017.5,0,11.6,0,0,0,,Clear,clear-night,"08535099999,08534099999,08536099999,LPPT,08579099999"
portugal,2018-10-02T05:00:00,21.6,21.6,5,33.88,0,0,,0,0,18,14.3,38,1017.3,16.8,10,0,0,0,,Clear,clear-night,"08535099999,08534099999,08536099999,LPPT,08579099999"
portugal,2018-10-02T06:00:00,21.3,21.3,4.1,32.3,0,0,,0,0,19.1,14.4,44,1017.5,14,10,0,0,0,,Clear,clear-night,"08535099999,08534099999,08536099999,LPPT,08579099999"
portugal,2018-10-02T07:00:00,19,19,2.7,33.8,0,0,,0,0,20.2,14.2,45,1018.2,10,11.5,0,0,0,,Clear,clear-night,"08532099999,08534099999,08536099999,LPPT,08579099999"
portugal,2018-10-02T08:00:00,20.8,20.8,3.9,32.85,0,0,,0,0,19.4,14.3,45,1018.4,70.2,10,21,0.1,0,,Partially cloudy,partly-cloudy-day,"08535099999,08532099999,08534099999,D7126,08536099999,LPPT,08579099999"
portugal,2018-10-02T09:00:00,20.7,20.7,2.8,30.55,0,0,,0,0,23.8,19.3,44,1019.3,92,10,99,0.4,1,,Overcast,cloudy,"08532099999,08534099999,D7126,08536099999,LPPT,08579099999"
portugal,2018-10-02T10:00:00,22.1,22.1,4.2,31.17,0,0,,0,0,27.7,21.7,50,1019.7,47.5,25.7,331,1.2,3,,Partially cloudy,partly-cloudy-day,"08535099999,08532099999,08534099999,D7126,08536099999,LPPT,08579099999"
portugal,2018-10-02T11:00:00,22,22,4.2,31.16,0,0,,0,0,30.2,21.2,48,1020.2,69.3,10,502,1.8,5,,Partially cloudy,partly-cloudy-day,"08532099999,08534099999,D7126,08536099999,LPPT,08579099999"
portugal,2018-10-02T12:00:00,24,24,5.2,29.81,0,0,,0,0,29.2,18.8,42,1019.9,28.4,10,632,2.3,6,,Partially cloudy,partly-cloudy-day,"08532099999,08534099999,D7126,08536099999,LPPT,08579099999"
portugal,2018-10-02T13:00:00,26.1,26.1,8.7,33.34,0,0,,0,0,26.3,14.7,32,1018.7,39.6,25.9,710,2.6,7,,Partially cloudy,partly-cloudy-day,"08535099999,08532099999,08534099999,D7126,08536099999,LPPT,08579099999"
portugal,2018-10-02T14:00:00,28.1,26.9,4.8,22.66,0,0,,0,0,22.3,14.5,45,1018.8,23.2,10,727,2.6,7,,Partially cloudy,partly-cloudy-day,"08532099999,08534099999,D7126,08536099999,LPPT,08579099999"
portugal,2018-10-02T15:00:00,29.9,28.1,4.5,20,0,0,,0,0,31.7,12.3,53,1018.6,27.8,10,681,2.5,7,,Partially cloudy,partly-cloudy-day,"08532099999,08534099999,D7126,08536099999,LPPT,08579099999"
portugal,2018-10-02T16:00:00,29.7,28.4,9.4,28.29,0,0,,0,0,16.2,7.6,24,1017.4,39.5,26.9,584,2.1,6,,Partially cloudy,partly-cloudy-day,"08535099999,08532099999,08534099999,D7126,08536099999,LPPT,08579099999"
portugal,2018-10-02T17:00:00,30.2,28.5,6.1,21.97,0,0,,0,0,14,8.2,52,1017.4,37.4,10,433,1.6,4,,Partially cloudy,partly-cloudy-day,"08535099999,08532099999,08534099999,D7126,08536099999,LPPT,08579099999"
portugal,2018-10-02T18:00:00,30.9,28.9,4.4,18.82,0,0,,0,0,15.8,5.2,356,1017.7,37,10,249,0.9,2,,Partially cloudy,partly-cloudy-day,"08534099999,D7126,08536099999,LPPT,08579099999"
portugal,2018-10-02T19:00:00,28.5,27.2,6.8,25.45,0,0,,0,0,25.2,6.3,294,1017.4,10,11.6,55,0.2,1,,Clear,clear-day,"08535099999,08534099999,D7126,08536099999,LPPT,08579099999"
portugal,2018-10-02T20:00:00,26.6,26.6,6.8,28.35,0,0,,0,0,16.6,6.8,301,1018.1,45.1,10,2.6,0,0,,Partially cloudy,partly-cloudy-night,"08535099999,08534099999,08536099999,LPPT,08579099999"
portugal,2018-10-02T21:00:00,25.3,25.3,6.5,30.05,0,0,,0,0,16.6,11.9,325,1018.7,45.7,10,0,0,0,,Partially cloudy,partly-cloudy-night,"08535099999,08534099999,08536099999,LPPT,08579099999"
portugal,2018-10-02T22:00:00,25.6,25.6,6.9,30.44,0,0,,0,0,16.2,9.4,344,1019.2,0,11.6,0,0,0,,Clear,clear-night,"08535099999,08534099999,08536099999,LPPT,08579099999"
portugal,2018-10-02T23:00:00,26.3,26.3,3.6,23.23,0,0,,0,0,15.8,11,14,1019.2,31.6,10,0,0,0,,Partially cloudy,partly-cloudy-night,"08535099999,08534099999,08536099999,LPPT,08579099999"
portugal,2018-10-03T00:00:00,25.9,25.9,1.9,20.99,0,0,,0,0,15.8,9.5,28,1019.5,16.3,10,0,0,0,,Clear,clear-night,"08535099999,08534099999,08536099999,LPPT,08579099999"
portugal,2018-10-03T01:00:00,25.3,25.3,1.3,20.92,0,0,,0,0,15.5,10.1,33,1019.5,0,11.6,0,0,0,,Clear,clear-night,"08535099999,08534099999,08536099999,LPPT,08579099999"
portugal,2018-10-03T02:00:00,24.4,24.4,0.8,21.22,0,0,,0,0,15.5,9.4,35,1019.5,0,10,0,0,0,,Clear,clear-night,"08535099999,08534099999,08536099999,LPPT,08579099999"
portugal,2018-10-03T03:00:00,23.8,23.8,1.9,23.82,0,0,,0,0,16.2,13,48,1019.6,0,10,0,0,0,,Clear,clear-night,"08535099999,08534099999,08536099999,LPPT,08579099999"
portugal,2018-10-03T04:00:00,20.9,20.9,0,24.85,0,0,,0,0,16.9,13,39,1020,0,11.6,0,0,0,,Clear,clear-night,"08534099999,08536099999,LPPT,08579099999"
portugal,2018-10-03T05:00:00,22,22,0.3,23.81,0,0,,0,0,16.9,10.8,48,1019.5,0,10,0,0,0,,Clear,clear-night,"08535099999,08534099999,08536099999,LPPT,08579099999"
portugal,2018-10-03T06:00:00,21.3,21.3,0.5,24.98,0,0,,0,0,17.6,8,54,1019.6,0,10,0,0,0,,Clear,clear-night,"08535099999,08534099999,08536099999,LPPT,08579099999"
portugal,2018-10-03T07:00:00,20.8,20.8,2.3,29.32,0,0,,0,0,25.2,8.7,64,1019.8,0,11.5,0,0,0,,Clear,clear-night,"08535099999,08532099999,08534099999,08536099999,LPPT,08579099999"
portugal,2018-10-03T08:00:00,20.3,20.3,3.4,32.7,0,0,,0,0,18,10.9,53,1020.1,0,10,13,0,0,,Clear,clear-day,"08535099999,08532099999,08534099999,D7126,08536099999,LPPT,08579099999"
portugal,2018-10-03T09:00:00,21,21,3.3,31.19,0,0,,0,0,19.4,12.8,52,1020.5,0,10,92,0.3,1,,Clear,clear-day,"08535099999,08532099999,08534099999,D7126,08536099999,LPPT,08579099999"
portugal,2018-10-03T10:00:00,22,22,3.7,30.02,0,0,,0,0,20.2,11.5,33,1021,0.5,25.7,338,1.2,3,,Clear,clear-day,"08535099999,08532099999,08534099999,D7126,08536099999,LPPT,08579099999"
portugal,2018-10-03T11:00:00,24,24,2.9,25.22,0,0,,0,0,20.5,15.3,53,1021.1,0,10,505,1.8,5,,Clear,clear-day,"08535099999,08532099999,08534099999,D7126,08536099999,LPPT,08579099999"
portugal,2018-10-03T12:00:00,25.8,25.8,3.7,23.95,0,0,,0,0,20.9,12.8,65,1021.1,0,10,633,2.3,6,,Clear,clear-day,"08535099999,08532099999,08534099999,D7126,08536099999,LPPT,08579099999"
portugal,2018-10-03T13:00:00,28.8,27.3,3.3,19.54,0,0,,0,0,19.4,7.5,77,1020.7,9.9,24.8,708,2.5,7,,Clear,clear-day,"08535099999,08532099999,08534099999,D7126,08536099999,LPPT,08579099999"
portugal,2018-10-03T14:00:00,29.6,27.8,1.9,17,0,0,,0,0,40.7,8.5,55,1020,0,10,725,2.6,7,,Clear,clear-day,"08535099999,08532099999,08534099999,D7126,08536099999,LPPT,08579099999"
portugal,2018-10-03T15:00:00,30.2,28.2,-1.4,12.94,0,0,,0,0,13.7,8.5,50,1019.7,0,10,677,2.4,7,,Clear,clear-day,"08532099999,08534099999,D7126,08536099999,LPPT,08579099999"
portugal,2018-10-03T16:00:00,28.5,27.2,5.4,23.06,0,0,,0,0,31.7,10.5,258,1018.8,0,26.9,574,2.1,6,,Clear,clear-day,"08535099999,08532099999,08534099999,D7126,08536099999,LPPT,08579099999"
portugal,2018-10-03T17:00:00,27.1,26.6,9.6,33.34,0,0,,0,0,22.3,8.8,224,1018.7,0,10,428,1.5,4,,Clear,clear-day,"08535099999,08532099999,08534099999,D7126,08536099999,LPPT,08579099999"
portugal,2018-10-03T18:00:00,26.3,26.3,11.6,39.97,0,0,,0,0,25.2,14.1,283,1018.8,0,10,247,0.9,2,,Clear,clear-day,"08535099999,08534099999,D7126,08536099999,LPPT,08579099999"
portugal,2018-10-03T19:00:00,26.1,26.1,3,22.48,0,0,,0,0,24.8,15.4,308,1018.8,0,11.6,55,0.2,1,,Clear,clear-day,"08535099999,08534099999,D7126,08536099999,LPPT,08579099999"
portugal,2018-10-03T20:00:00,24.6,24.6,1.9,22.78,0,0,,0,0,21.2,10.9,325,1019.3,0,10,2,0,0,,Clear,clear-night,"08534099999,08536099999,LPPT,08579099999"
portugal,2018-10-03T21:00:00,24.1,24.1,0.1,20.51,0,0,,0,0,21.6,14.6,343,1019.3,0,10,0,0,0,,Clear,clear-night,"08535099999,08534099999,08536099999,LPPT,08579099999"
portugal,2018-10-03T22:00:00,23.2,23.2,-1.4,19.48,0,0,,0,0,22,8.5,5,1020,0,11.6,0,0,0,,Clear,clear-night,"08534099999,08536099999,LPPT,08579099999"
portugal,2018-10-03T23:00:00,22,22,-1.2,21.13,0,0,,0,0,22.3,7,350,1019.9,0,10,0,0,0,,Clear,clear-night,"08534099999,08536099999,LPPT,08579099999"
portugal,2018-10-04T00:00:00,21.2,21.2,0.6,25.48,0,0,,0,0,22,5.3,1,1019.8,0,10,0,0,0,,Clear,clear-night,"08534099999,08536099999,LPPT,08579099999"
portugal,2018-10-04T01:00:00,21.7,21.7,0.1,23.78,0,0,,0,0,20.9,7.4,347,1019.3,0,10.8,0,0,0,,Clear,clear-night,"08534099999,08536099999,LPPT,08579099999"
portugal,2018-10-04T02:00:00,20.8,20.8,5.1,35.86,0,0,,0,0,19.4,4.4,356,1018.9,0,10,0,0,0,,Clear,clear-night,"08535099999,08534099999,08536099999,LPPT,08579099999"
portugal,2018-10-04T03:00:00,19.5,19.5,8.1,47.66,0,0,,0,0,17.6,4.2,120,1018.8,0,10,0,0,0,,Clear,clear-night,"08535099999,08534099999,08536099999,LPPT,08579099999"
portugal,2018-10-04T04:00:00,18.5,18.5,3,35.68,0,0,,0,0,16.2,4.5,256,1018.4,0,10.3,0,0,0,,Clear,clear-night,"08534099999,08536099999,LPPT,08579099999"
portugal,2018-10-04T05:00:00,19.4,19.4,1.5,30.38,0,0,,0,0,15.1,5.5,330,1018.1,0,10,0,0,0,,Clear,clear-night,"08534099999,08536099999,LPPT,08579099999"
portugal,2018-10-04T06:00:00,18.9,18.9,6.5,44.31,0,0,,0,0,14.8,4.2,120,1017.9,30,8.6,0,0,0,,Partially cloudy,partly-cloudy-night,"08535099999,08534099999,08536099999,LPPT,08579099999"
portugal,2018-10-04T07:00:00,17.5,17.5,9.1,58.09,0,0,,0,0,14.4,2.5,7,1018.2,30,8.6,0,0,0,,Partially cloudy,partly-cloudy-night,"08535099999,08532099999,08534099999,08536099999,LPPT,08579099999"
portugal,2018-10-04T08:00:00,17,17,13.2,78.47,0,0,,0,0,15.1,4.1,74,1018.5,14.9,8.5,12,0,0,,Clear,clear-day,"08535099999,08532099999,08534099999,D7126,08536099999,LPPT,08579099999"
portugal,2018-10-04T09:00:00,18.3,18.3,14.8,79.97,0,0,,0,0,14.4,4.7,87,1019.1,20.5,8.6,89,0.3,1,,Partially cloudy,partly-cloudy-day,"08535099999,08532099999,08534099999,D7126,08536099999,LPPT,08579099999"
portugal,2018-10-04T10:00:00,20.1,20.1,15.2,73.4,0,0,,0,0,14.8,0.8,8,1019.2,2,7.1,338,1.2,3,,Clear,clear-day,"08535099999,08532099999,08534099999,D7126,08536099999,LPPT,08579099999"
portugal,2018-10-04T11:00:00,23,23,15.6,62.8,0,0,,0,0,14.4,6.2,78,1019,27.5,10,503,1.8,5,,Partially cloudy,partly-cloudy-day,"08535099999,08532099999,08534099999,D7126,08536099999,LPPT,08579099999"
portugal,2018-10-04T12:00:00,24.7,24.7,12.7,47.14,0,0,,0,0,13.7,5,186,1018.6,0,10,625,2.3,6,,Clear,clear-day,"08535099999,08532099999,08534099999,D7126,08536099999,LPPT,08579099999"
portugal,2018-10-04T13:00:00,27.5,27.6,14.6,45.48,0,0,,0,0,12.6,7.6,256,1017.8,0.5,19.2,697,2.5,7,,Clear,clear-day,"08535099999,08532099999,08534099999,D7126,08536099999,LPPT,08579099999"
portugal,2018-10-04T14:00:00,27.7,26.7,5.8,24.82,0,0,,0,0,33.5,11,114,1017.8,0,10,712,2.6,7,,Clear,clear-day,"08532099999,08534099999,D7126,08536099999,LPPT,08579099999"
portugal,2018-10-04T15:00:00,25.9,25.9,10.7,38.49,0,0,,0,0,18,17,235,1017.4,0,10,666,2.4,7,,Clear,clear-day,"08535099999,08532099999,08534099999,D7126,08536099999,LPPT,08579099999"
portugal,2018-10-04T16:00:00,25.8,25.8,5.9,28,0,0,,0,0,22.7,11.5,240,1016.9,0,25,564,2,6,,Clear,clear-day,"08535099999,08532099999,08534099999,D7126,08536099999,LPPT,08579099999"
portugal,2018-10-04T17:00:00,25.5,25.5,9.2,35.54,0,0,,0,0,24.8,13.3,320,1016.7,0,10,418,1.5,4,,Clear,clear-day,"08535099999,08532099999,08534099999,D7126,08536099999,LPPT,08579099999"
portugal,2018-10-04T18:00:00,24.5,24.5,13.2,49.35,0,0,,0,0,24.8,15.3,329,1016.5,0,10,238,0.9,2,,Clear,clear-day,"08535099999,08534099999,D7126,08536099999,LPPT,08579099999"
portugal,2018-10-04T19:00:00,23.4,23.4,13.6,54.15,0,0,,0,0,23.4,12.2,322,1016.4,0,11.6,51,0.2,1,,Clear,clear-day,"08535099999,08534099999,D7126,08536099999,LPPT,08579099999"
portugal,2018-10-04T20:00:00,24,24,9,38.39,0,0,,0,0,20.9,14,319,1016.3,1.6,10,1.5,0,0,,Clear,clear-night,"08535099999,08534099999,08536099999,LPPT,08579099999"
portugal,2018-10-04T21:00:00,23.1,23.1,8.3,38.66,0,0,,0,0,20.5,10.5,351,1016.6,0.6,10,0,0,0,,Clear,clear-night,"08535099999,08534099999,08536099999,LPPT,08579099999"
portugal,2018-10-04T22:00:00,23.4,23.4,6.8,34.23,0,0,,0,0,20.9,5.5,9,1017.1,0,11.6,0,0,0,,Clear,clear-night,"08535099999,08534099999,08536099999,LPPT,08579099999"
portugal,2018-10-04T23:00:00,20.9,20.9,4,32.87,0,0,,0,0,20.9,7,345,1017.4,0,10,0,0,0,,Clear,clear-night,"08534099999,08536099999,LPPT,08579099999"
portugal,2018-10-05T00:00:00,22.6,22.6,2.5,26.76,0,0,,0,0,20.5,9.4,335,1017.1,0,10,0,0,0,,Clear,clear-night,"08535099999,08534099999,08536099999,LPPT,08579099999"
portugal,2018-10-05T01:00:00,21.3,21.3,2,27.88,0,0,,0,0,19.8,9.1,342,1016.8,0,11.6,0,0,0,,Clear,clear-night,"08535099999,08534099999,08536099999,LPPT,08579099999"
portugal,2018-10-05T02:00:00,20.3,20.3,1.5,28.72,0,0,,0,0,18,7.2,345,1016.8,0,10,0,0,0,,Clear,clear-night,"08534099999,08536099999,LPPT,08579099999"
portugal,2018-10-05T03:00:00,20.2,20.2,2.2,30.34,0,0,,0,0,16.6,7.9,330,1016.2,0,10,0,0,0,,Clear,clear-night,"08534099999,08536099999,LPPT,08579099999"
portugal,2018-10-05T04:00:00,19,19,9.1,52.42,0,0,,0,0,15.5,3.6,360,1015.7,0,11.6,0,0,0,,Clear,clear-night,"08535099999,08534099999,08536099999,LPPT,08579099999"
portugal,2018-10-05T05:00:00,18.4,18.4,9.1,54.57,0,0,,0,0,14.8,0.8,27,1015.2,0,10,0,0,0,,Clear,clear-night,"08535099999,08534099999,08536099999,LPPT,08579099999"
portugal,2018-10-05T06:00:00,18.6,18.6,6.4,44.78,0,0,,0,0,14.8,3.6,70,1015.2,0,10,0,0,0,,Clear,clear-night,"08535099999,08534099999,08536099999,LPPT,08579099999"
portugal,2018-10-05T07:00:00,18,18,12.7,71.47,0,0,,0,0,15.1,2.6,110,1015.6,0,11.6,0,0,0,,Clear,clear-night,"08535099999,08534099999,08536099999,LPPT,08579099999"
portugal,2018-10-05T08:00:00,17.5,17.5,13.3,76.31,0,0,,0,0,17.3,3.4,39,1015.8,1.9,10,17,0.1,0,,Clear,clear-day,"08535099999,08534099999,D7126,08536099999,LPPT,08579099999"
portugal,2018-10-05T09:00:00,19.6,19.6,11.4,58.84,0,0,,0,0,17.3,1.8,15.7,1016.2,1.9,10,111,0.4,1,,Clear,clear-day,"08535099999,08534099999,D7126,08536099999,LPPT,08579099999"
portugal,2018-10-05T10:00:00,22.1,22.1,11.7,51.7,0,0,,0,0,29.5,0.5,6,1016.2,9.9,21.3,321,1.2,3,,Clear,clear-day,"08535099999,08534099999,D7126,08536099999,LPPT,08579099999"
portugal,2018-10-05T11:00:00,25.3,25.3,11.6,42.51,0,0,,0,0,33.5,8.1,96,1015.8,2.8,10,479,1.7,5,,Clear,clear-day,"08535099999,08534099999,D7126,08536099999,LPPT,08579099999"
portugal,2018-10-05T12:00:00,26.4,26.4,6.6,28.29,0,0,,0,0,15.1,8.3,71,1015.4,1.3,10,600,2.2,6,,Clear,clear-day,"08535099999,08534099999,D7126,08536099999,LPPT,08579099999"
portugal,2018-10-05T13:00:00,27.9,26.9,7.2,27,0,0,,0,0,13.7,8.2,62,1014.9,0,11.6,670,2.4,7,,Clear,clear-day,"08535099999,08534099999,D7126,08536099999,LPPT,08579099999"
portugal,2018-10-05T14:00:00,28.1,26.8,4.3,21.9,0,0,,0,0,13,7.9,61,1014.7,9.5,10,695,2.5,7,,Clear,clear-day,"08534099999,D7126,08536099999,LPPT,08579099999"
portugal,2018-10-05T15:00:00,30,28.2,2.5,17.17,0,0,,0,0,13,7.9,87,1013.5,10.4,10,652,2.3,7,,Clear,clear-day,"08535099999,08534099999,D7126,08536099999,LPPT,08579099999"
portugal,2018-10-05T16:00:00,29.7,28,3,18.2,0,0,,0,0,13.7,5.1,346,1013,10,11.6,549,2,5,,Clear,clear-day,"08535099999,08534099999,D7126,08536099999,LPPT,08579099999"
portugal,2018-10-05T17:00:00,29.7,28.1,6,22.42,0,0,,0,0,17.3,8.6,275,1012.8,5.1,10,404,1.5,4,,Clear,clear-day,"08535099999,08534099999,D7126,08536099999,LPPT,08579099999"
portugal,2018-10-05T18:00:00,27.9,27.1,9.6,31.8,0,0,,0,0,22.7,15.7,323,1012.6,1.2,10,226,0.8,2,,Clear,clear-day,"08535099999,08534099999,D7126,08536099999,LPPT,08579099999"
portugal,2018-10-05T19:00:00,26.9,26.2,6.3,27.05,0,0,,0,0,21.6,15.4,331,1013.2,0,11.6,49,0.2,0,,Clear,clear-day,"08534099999,D7126,08536099999,LPPT,08579099999"
portugal,2018-10-05T20:00:00,24.9,24.9,8.1,34.3,0,0,,0,0,24.8,16.2,341,1013.1,0.8,10,1.1,0,0,,Clear,clear-night,"08534099999,08536099999,LPPT,08579099999"
portugal,2018-10-05T21:00:00,23.8,23.8,7.3,34.82,0,0,,0,0,24.8,9.8,337,1013.8,17.2,10,0,0,0,,Clear,clear-night,"08534099999,08536099999,LPPT,08579099999"
portugal,2018-10-05T22:00:00,22.4,22.4,7.1,37.28,0,0,,0,0,24.8,7.4,57,1014.3,0,11.6,0,0,0,,Clear,clear-night,"08534099999,08536099999,LPPT,08579099999"
portugal,2018-10-05T23:00:00,21.6,21.6,11.3,51.99,0,0,,0,0,23.8,3.4,236,1014.7,6.7,10,0,0,0,,Clear,clear-night,"08535099999,08534099999,08536099999,LPPT,08579099999"
portugal,2018-10-06T00:00:00,21.6,21.6,8.7,43.64,0,0,,0,0,21.6,6,328,1014.7,5,10,0,0,0,,Clear,clear-night,"08535099999,08534099999,08536099999,LPPT,08579099999"
portugal,2018-10-06T01:00:00,20.6,20.6,11.3,55.37,0,0,,0,0,21.6,4.2,90,1014.7,0,11.6,0,0,0,,Clear,clear-night,"08535099999,08534099999,08536099999,LPPT,08579099999"
portugal,2018-10-06T02:00:00,20.5,20.5,10.7,53.52,0,0,,0,0,16.6,1.9,33,1014.5,0,10,0,0,0,,Clear,clear-night,"08535099999,08534099999,08536099999,LPPT,08579099999"
portugal,2018-10-06T03:00:00,19.9,19.9,7.6,44.85,0,0,,0,0,15.1,4.5,335,1014.5,0,10,0,0,0,,Clear,clear-night,"08535099999,08534099999,08536099999,LPPT,08579099999"
portugal,2018-10-06T04:00:00,19.9,19.9,7.9,45.68,0,0,,0,0,15.1,2.2,360,1014,0,11.6,0,0,0,,Clear,clear-night,"08535099999,08534099999,08536099999,LPPT,08579099999"
portugal,2018-10-06T05:00:00,19.5,19.5,9,50.75,0,0,,0,0,16.6,3.9,90,1014.2,0,10,0,0,0,,Clear,clear-night,"08535099999,08534099999,08536099999,LPPT,08579099999"
portugal,2018-10-06T06:00:00,18.4,18.4,12.8,70,0,0,,0,0,17.3,4.8,38,1014.8,1.3,10,0,0,0,,Clear,clear-night,"08535099999,08534099999,08536099999,LPPT,08579099999"
portugal,2018-10-06T07:00:00,17.5,17.5,13.1,75.49,0,0,,0,0,18,5.5,68,1015.2,0,11.6,0,0,0,,Clear,clear-night,"08535099999,08534099999,08536099999,LPPT,08579099999"
portugal,2018-10-06T08:00:00,17.4,17.4,11.2,67.11,0,0,,0,0,19.8,6.4,28,1015.9,0,10,13,0,0,,Clear,clear-day,"08535099999,08534099999,D7126,08536099999,LPPT,08579099999"
portugal,2018-10-06T09:00:00,19,19,10.9,59.37,0,0,,0,0,24.1,5,53,1016.3,27.5,10,86,0.3,1,,Partially cloudy,partly-cloudy-day,"08535099999,08534099999,D7126,08536099999,LPPT,08579099999"
portugal,2018-10-06T10:00:00,20.7,20.7,10.4,51.97,0,0,,0,0,26.6,7.4,40,1016.7,29.8,14.8,312,1.1,3,,Partially cloudy,partly-cloudy-day,"08535099999,08534099999,D7126,08536099999,LPPT,08579099999"
portugal,2018-10-06T11:00:00,23.5,23.5,9.3,40.34,0,0,,0,0,35.3,6,79,1017.2,0,10,473,1.7,5,,Clear,clear-day,"08535099999,08534099999,D7126,08536099999,LPPT,08579099999"
portugal,2018-10-06T12:00:00,24.6,24.6,8.5,36.04,0,0,,0,0,25.2,10.3,55,1016.6,0,10,595,2.1,6,,Clear,clear-day,"08535099999,08534099999,D7126,08536099999,LPPT,08579099999"
portugal,2018-10-06T13:00:00,27.3,26.8,10.6,35.19,0,0,,0,0,31.7,11.3,79,1016.2,10,11.6,669,2.4,7,,Clear,clear-day,"08535099999,08534099999,D7126,08536099999,LPPT,08579099999"
portugal,2018-10-06T14:00:00,28.1,27.3,10.3,32.94,0,0,,0,0,28.4,11.9,66,1015.4,3.9,10,679,2.4,7,,Clear,clear-day,"08535099999,08534099999,D7126,08536099999,LPPT,08579099999"
portugal,2018-10-06T15:00:00,28.1,27.4,11.3,35.24,0,0,,0,0,33.8,15.4,352,1015.2,0,10,644,2.3,6,,Clear,clear-day,"08535099999,08534099999,D7126,08536099999,LPPT,08579099999"
portugal,2018-10-06T16:00:00,27.2,26.7,9.7,33.44,0,0,,0,0,40.3,19.8,346,1015.3,30,11.6,528,1.9,5,,Partially cloudy,partly-cloudy-day,"08535099999,08534099999,D7126,08536099999,LPPT,08579099999"
portugal,2018-10-06T17:00:00,26.1,26.1,11.5,39.99,0,0,,0,0,45.7,20,348,1015.2,0,10,396,1.4,4,,Clear,clear-day,"08535099999,08534099999,D7126,08536099999,LPPT,08579099999"
portugal,2018-10-06T18:00:00,24.1,24.1,11.3,44.68,0,0,,0,0,47.9,21.2,339,1016,0,10,213,0.8,2,,Clear,clear-day,"08534099999,D7126,08536099999,LPPT,08579099999"
portugal,2018-10-06T19:00:00,20.5,20.5,11.9,57.76,0,0,,0,0,49,21.8,340,1016.8,10,11.6,48,0.2,0,,Clear,clear-day,"08534099999,D7126,08536099999,LPPT,08579099999"
portugal,2018-10-06T20:00:00,19,19,12.6,66.45,0,0,,0,0,49.7,24.4,349,1017.3,0,10,0.7,0,0,,Clear,clear-night,"08534099999,08536099999,LPPT,08579099999"
portugal,2018-10-06T21:00:00,18.8,18.8,13,69.21,0,0,,0,0,49,19.6,355,1017.9,0,10,0,0,0,,Clear,clear-night,"08535099999,08534099999,08536099999,LPPT,08579099999"
portugal,2018-10-06T22:00:00,17.3,17.3,11.8,70.12,0,0,,0,0,48.6,14,359,1019.2,10,11.6,0,0,0,,Clear,clear-night,"08534099999,08536099999,LPPT,08579099999"
portugal,2018-10-06T23:00:00,16.5,16.5,11.9,74.66,0,0,,0,0,46.1,13.2,354,1019.2,0,10,0,0,0,,Clear,clear-night,"08534099999,08536099999,LPPT,08579099999"
portugal,2018-10-07T00:00:00,16.2,16.2,12,76.54,0,0,,0,0,45,14.5,359,1019.3,0,10,0,0,0,,Clear,clear-night,"08534099999,08536099999,LPPT,08579099999"
portugal,2018-10-07T01:00:00,15.4,15.4,11.4,77.13,0,0,,0,0,44.6,12.5,14,1019.1,0,11.6,0,0,0,,Clear,clear-night,"08534099999,08536099999,LPPT,08579099999"
portugal,2018-10-07T02:00:00,16.4,16.4,11.2,71.14,0,0,,0,0,44.3,12.5,4,1018.5,0,10,0,0,0,,Clear,clear-night,"08535099999,08534099999,08536099999,LPPT,08579099999"
portugal,2018-10-07T03:00:00,15,15,10.7,75.47,0,0,,0,0,42.8,18,8,1018.8,0,10,0,0,0,,Clear,clear-night,"08534099999,08536099999,LPPT,08579099999"
portugal,2018-10-07T04:00:00,14.9,14.9,10.5,74.68,0,0,,0,0,36,11.6,4,1018.3,0,11.6,0,0,0,,Clear,clear-night,"08534099999,08536099999,LPPT,08579099999"
portugal,2018-10-07T05:00:00,15.1,15.1,10.1,72.47,0,0,,0,0,41,10.8,4,1018.2,0,10,0,0,0,,Clear,clear-night,"08535099999,08534099999,08536099999,LPPT,08579099999"
portugal,2018-10-07T06:00:00,14.9,14.9,9.8,71.49,0,0,,0,0,39.6,14.8,360,1017.9,0,10,0,0,0,,Clear,clear-night,"08535099999,08534099999,08536099999,LPPT,08579099999"
portugal,2018-10-07T07:00:00,14.4,14.4,9.4,71.59,0,0,,0,0,36.4,13.4,341,1018.1,10,11.6,0,0,0,,Clear,clear-night,"08535099999,08534099999,08536099999,LPPT,08579099999"
portugal,2018-10-07T08:00:00,14.2,14.2,8.6,69.08,0,0,,0,0,33.8,14.3,321,1018.2,0,10,13,0,0,,Clear,clear-day,"08535099999,08534099999,D7126,08536099999,LPPT,08579099999"
portugal,2018-10-07T09:00:00,15.5,15.5,8.1,61.23,0,0,,0,0,32.4,12.9,347,1018.5,0,10,83,0.3,1,,Clear,clear-day,"08535099999,08534099999,D7126,08536099999,LPPT,08579099999"
portugal,2018-10-07T10:00:00,17.5,17.5,7.4,51.39,0,0,,0,0,33.8,13.6,345,1018.9,10,11.6,326,1.2,3,,Clear,clear-day,"08535099999,08534099999,D7126,08536099999,LPPT,08579099999"
portugal,2018-10-07T11:00:00,19.9,19.9,7.1,43.55,0,0,,0,0,33.5,15.2,357,1018.6,0,10,498,1.8,5,,Clear,clear-day,"08535099999,08534099999,D7126,08536099999,LPPT,08579099999"
portugal,2018-10-07T12:00:00,20.9,20.9,7,40.5,0,0,,0,0,30.6,12.9,357,1018.3,0,10,625,2.3,6,,Clear,clear-day,"08535099999,08534099999,D7126,08536099999,LPPT,08579099999"
portugal,2018-10-07T13:00:00,22.4,22.4,6.3,35.11,0,0,,0,0,28.8,11.3,21,1017.9,10,11.6,698,2.5,7,,Clear,clear-day,"08535099999,08534099999,D7126,08536099999,LPPT,08579099999"
portugal,2018-10-07T14:00:00,21.8,21.8,4.6,32.51,0,0,,0,0,30.2,10.1,102,1017.3,0,10,712,2.6,7,,Clear,clear-day,"08534099999,D7126,08536099999,LPPT,08579099999"
portugal,2018-10-07T15:00:00,22.2,22.2,6.1,35.23,0,0,,0,0,32,10.8,97,1016.2,0,10,657,2.4,7,,Clear,clear-day,"08535099999,08534099999,D7126,08536099999,LPPT,08579099999"
portugal,2018-10-07T16:00:00,21.8,21.8,4.7,32.87,0,0,,0,0,31.7,9.8,91,1016.2,10,11.6,556,2,6,,Clear,clear-day,"08535099999,08534099999,D7126,08536099999,LPPT,08579099999"
portugal,2018-10-07T17:00:00,22.1,22.1,5.1,32.87,0,0,,0,0,35.6,10.2,46,1015.7,0,10,409,1.5,4,,Clear,clear-day,"08535099999,08534099999,D7126,08536099999,LPPT,08579099999"
portugal,2018-10-07T18:00:00,21.3,21.3,7.2,40.13,0,0,,0,0,37.1,13.3,327,1015.7,0,10,226,0.8,2,,Clear,clear-day,"08535099999,08534099999,D7126,08536099999,LPPT,08579099999"
portugal,2018-10-07T19:00:00,19.6,19.6,7.6,45.72,0,0,,0,0,36.7,15.4,320,1015.9,10,11.6,45,0.2,0,,Clear,clear-day,"08535099999,08534099999,D7126,08536099999,LPPT,08579099999"
portugal,2018-10-07T20:00:00,18.1,18.1,7.3,49.33,0,0,,0,0,35.3,16.4,320,1016.3,0,10,0.5,0,0,,Clear,clear-night,"08535099999,08534099999,08536099999,LPPT,08579099999"
portugal,2018-10-07T21:00:00,17,17,6.6,50.34,0,0,,0,0,33.8,16.2,328,1016.4,0,10,0,0,0,,Clear,clear-night,"08535099999,08534099999,08536099999,LPPT,08579099999"
portugal,2018-10-07T22:00:00,17,17,6.7,50.47,0,0,,0,0,32,13.6,317,1016.4,0,11.6,0,0,0,,Clear,clear-night,"08535099999,08534099999,08536099999,LPPT,08579099999"
portugal,2018-10-07T23:00:00,17,17,6.4,49.55,0,0,,0,0,29.5,11.1,335,1016.5,0,10,0,0,0,,Clear,clear-night,"08535099999,08534099999,08536099999,LPPT,08579099999"
portugal,2018-10-08T00:00:00,16.4,16.4,6.7,52.39,0,0,,0,0,27.4,8.3,325,1016.4,0,10,0,0,0,,Clear,clear-night,"08535099999,08534099999,08536099999,LPPT,08579099999"
portugal,2018-10-08T01:00:00,16.4,16.4,6.8,53.04,0,0,,0,0,24.8,5.5,45,1016,0,11.6,0,0,0,,Clear,clear-night,"08535099999,08534099999,08536099999,LPPT,08579099999"
portugal,2018-10-08T02:00:00,16,16,6.8,54.49,0,0,,0,0,20.9,3.9,100,1015.6,0,10,0,0,0,,Clear,clear-night,"08535099999,08534099999,08536099999,LPPT,08579099999"
portugal,2018-10-08T03:00:00,16.4,16.4,6,50.26,0,0,,0,0,18,8.1,17,1015.1,0,10,0,0,0,,Clear,clear-night,"08535099999,08534099999,08536099999,LPPT,08579099999"
portugal,2018-10-08T04:00:00,16.8,16.8,4.6,44.5,0,0,,0,0,15.5,10.6,25,1014.6,0,11.6,0,0,0,,Clear,clear-night,"08535099999,08534099999,08536099999,LPPT,08579099999"
portugal,2018-10-08T05:00:00,16.4,16.4,4.4,44.94,0,0,,0,0,13.7,12,38,1014.5,0,10,0,0,0,,Clear,clear-night,"08535099999,08534099999,08536099999,LPPT,08579099999"
portugal,2018-10-08T06:00:00,16.3,16.3,3.1,41.37,0,0,,0,0,13,11.2,35,1014.5,0,10,0,0,0,,Clear,clear-night,"08535099999,08534099999,08536099999,LPPT,08579099999"
portugal,2018-10-08T07:00:00,16.3,16.3,3.1,41.25,0,0,,0,0,13.7,14.3,44,1014.6,0,11.5,0,0,0,,Clear,clear-night,"08535099999,08532099999,08534099999,08536099999,LPPT,08579099999"
portugal,2018-10-08T08:00:00,15.9,15.9,3.1,42.11,0,0,,0,0,16.2,13.1,44,1014.8,0,10,11,0,0,,Clear,clear-day,"08535099999,08532099999,08534099999,D7126,08536099999,LPPT,08579099999"
portugal,2018-10-08T09:00:00,17,17,3.3,40.1,0,0,,0,0,19.1,17.2,44,1015,0,10,81,0.3,1,,Clear,clear-day,"08535099999,08532099999,08534099999,D7126,08536099999,LPPT,08579099999"
portugal,2018-10-08T10:00:00,18,18,5.1,42.57,0,0,,0,0,23.4,15.3,51,1015,28.6,26.3,318,1.1,3,,Partially cloudy,partly-cloudy-day,"08535099999,08532099999,08534099999,D7126,08536099999,LPPT,08579099999"
portugal,2018-10-08T11:00:00,18.7,18.7,4.2,38.34,0,0,,0,0,26.6,20.4,62,1015.4,0,10,481,1.7,5,,Clear,clear-day,"08532099999,08534099999,D7126,08536099999,LPPT,08579099999"
portugal,2018-10-08T12:00:00,20.6,20.6,5.6,37.43,0,0,,0,0,26.3,16.9,46,1015,0,10,603,2.2,6,,Clear,clear-day,"08535099999,08532099999,08534099999,D7126,08536099999,LPPT,08579099999"
portugal,2018-10-08T13:00:00,23.1,23.1,6,33.15,0,0,,0,0,22.7,7.8,32,1014.4,29.6,26.9,673,2.4,7,,Partially cloudy,partly-cloudy-day,"08535099999,08532099999,08534099999,D7126,08536099999,LPPT,08579099999"
portugal,2018-10-08T14:00:00,24.6,24.6,5.4,29.12,0,0,,0,0,17.6,10.9,47,1013.6,0,10,690,2.5,7,,Clear,clear-day,"08535099999,08532099999,08534099999,D7126,08536099999,LPPT,08579099999"
portugal,2018-10-08T15:00:00,25.1,25.1,3.5,24.65,0,0,,0,0,37.1,9.5,52,1013.2,0,10,640,2.3,6,,Clear,clear-day,"08532099999,08534099999,D7126,08536099999,LPPT,08579099999"
portugal,2018-10-08T16:00:00,24.8,24.8,5.7,29.41,0,0,,0,0,15.8,4.1,229,1012.2,9.9,26.9,538,1.9,5,,Clear,clear-day,"08535099999,08532099999,08534099999,D7126,08536099999,LPPT,08579099999"
portugal,2018-10-08T17:00:00,24.7,24.7,6.7,31.42,0,0,,0,0,20.2,5.7,40,1011.6,0,10,397,1.4,4,,Clear,clear-day,"08535099999,D7126,08536099999,LPPT,08579099999"
portugal,2018-10-08T18:00:00,23.3,23.3,7.1,35.24,0,0,,0,0,24.5,8.1,28,1011.3,0,10,217,0.8,2,,Clear,clear-day,"08535099999,08534099999,D7126,08536099999,LPPT,08579099999"
portugal,2018-10-08T19:00:00,22.1,22.1,7,37.77,0,0,,0,0,24.8,11.3,286,1011.2,0,11.6,42,0.2,0,,Clear,clear-day,"08535099999,08534099999,D7126,08536099999,LPPT,08579099999"
portugal,2018-10-08T20:00:00,21.1,21.1,6.6,38.98,0,0,,0,0,20.2,12.9,310,1011.3,0,10,0.3,0,0,,Clear,clear-night,"08535099999,08536099999,LPPT,08579099999"
portugal,2018-10-08T21:00:00,20.6,20.6,6.9,41.21,0,0,,0,0,20.9,13.6,322,1011.7,0,10,0,0,0,,Clear,clear-night,"08535099999,08534099999,08536099999,LPPT,08579099999"
portugal,2018-10-08T22:00:00,20.1,20.1,7.3,43.57,0,0,,0,0,20.9,9.7,340,1011.7,0,11.6,0,0,0,,Clear,clear-night,"08535099999,08534099999,08536099999,LPPT,08579099999"
portugal,2018-10-08T23:00:00,20.4,20.4,6.9,41.57,0,0,,0,0,20.5,9.7,354,1011.5,0,10,0,0,0,,Clear,clear-night,"08535099999,08534099999,08536099999,LPPT,08579099999"
portugal,2018-10-09T00:00:00,20.5,20.5,5.4,37.43,0,0,,0,0,20.5,8.8,35,1011.4,0,10,0,0,0,,Clear,clear-night,"08535099999,08534099999,08536099999,LPPT,08579099999"
portugal,2018-10-09T01:00:00,19.9,19.9,6,40.07,0,0,,0,0,19.1,11.3,46,1011,0,11.6,0,0,0,,Clear,clear-night,"08535099999,08534099999,08536099999,LPPT,08579099999"
portugal,2018-10-09T02:00:00,19.3,19.3,5.6,40.6,0,0,,0,0,17.6,8.2,42,1010.5,0,10,0,0,0,,Clear,clear-night,"08535099999,08534099999,08536099999,LPPT,08579099999"
portugal,2018-10-09T03:00:00,18.8,18.8,6,43.04,0,0,,0,0,16.6,9.4,29,1009.9,0,10,0,0,0,,Clear,clear-night,"08535099999,08534099999,08536099999,LPPT,08579099999"
portugal,2018-10-09T04:00:00,18.4,18.4,4.8,40.7,0,0,,0,0,17.6,12.3,48,1009.4,0,11.6,0,0,0,,Clear,clear-night,"08535099999,08534099999,08536099999,LPPT,08579099999"
portugal,2018-10-09T05:00:00,18.4,18.4,5.5,42.83,0,0,,0,0,18,11.7,55,1009.3,0,10,0,0,0,,Clear,clear-night,"08535099999,08536099999,LPPT,08579099999"
portugal,2018-10-09T06:00:00,17.5,17.5,5.6,45.61,0,0,,0,0,18.7,14.4,48,1009,0,10,0,0,0,,Clear,clear-night,"08535099999,08534099999,08536099999,LPPT,08579099999"
portugal,2018-10-09T07:00:00,17.3,17.3,5.8,46.51,0,0,,0,0,19.1,11.8,53,1009.1,0,11.5,0,0,0,,Clear,clear-night,"08535099999,08532099999,08534099999,08536099999,LPPT,08579099999"
portugal,2018-10-09T08:00:00,17.2,17.2,6,47.92,0,0,,0,0,23.8,13.1,44,1009.2,0,10,9,0,0,,Clear,clear-day,"08535099999,08532099999,08534099999,D7126,08536099999,LPPT,08579099999"
portugal,2018-10-09T09:00:00,17.8,17.8,6.1,46.3,0,0,,0,0,25.9,16.7,55,1009.8,0,10,66,0.2,1,,Clear,clear-day,"08535099999,08532099999,08534099999,D7126,08536099999,LPPT,08579099999"
portugal,2018-10-09T10:00:00,18,18,5.8,44.78,0,0,,0,0,27,18.5,51,1009.9,0,22.1,309,1.1,3,,Clear,clear-day,"08535099999,08532099999,08534099999,D7126,08536099999,LPPT,08579099999"
portugal,2018-10-09T11:00:00,19.9,19.9,6.8,42.41,0,0,,0,0,27.7,18.7,57,1009.7,0,10,476,1.7,5,,Clear,clear-day,"08535099999,08532099999,08534099999,D7126,08536099999,LPPT,08579099999"
portugal,2018-10-09T12:00:00,20.7,20.7,6.8,40.62,0,0,,0,0,25.6,18.4,55,1009.4,0,10,597,2.1,6,,Clear,clear-day,"08535099999,08532099999,08534099999,D7126,08536099999,LPPT,08579099999"
portugal,2018-10-09T13:00:00,23.5,23.5,6.7,33.94,0,0,,0,0,21.6,8.1,42,1008.7,0,24.8,665,2.4,7,,Clear,clear-day,"08535099999,08532099999,08534099999,D7126,08536099999,LPPT,08579099999"
portugal,2018-10-09T14:00:00,25,25,7,31.62,0,0,,0,0,17.6,14.2,50,1007.5,0,10,681,2.5,7,,Clear,clear-day,"08535099999,08532099999,08534099999,D7126,08536099999,LPPT,08579099999"
portugal,2018-10-09T15:00:00,25.5,25.5,6.5,29.66,0,0,,0,0,29.5,9.8,57,1006.9,0,10,633,2.3,6,,Clear,clear-day,"08535099999,08532099999,08534099999,D7126,08536099999,LPPT,08579099999"
portugal,2018-10-09T16:00:00,25.1,25.1,5.6,28.54,0,0,,0,0,15.5,0.9,7,1006.3,9.9,26.9,532,1.9,5,,Clear,clear-day,"08535099999,08532099999,08534099999,D7126,08536099999,LPPT,08579099999"
portugal,2018-10-09T17:00:00,23.9,23.9,10.1,41.49,0,0,,0,0,19.8,7.8,350,1006,0,10,389,1.4,4,,Clear,clear-day,"08535099999,08532099999,08534099999,D7126,08536099999,LPPT,08579099999"
portugal,2018-10-09T18:00:00,22.7,22.7,9.8,43.88,0,0,,0,0,22.7,14.4,291,1005.9,0,10,211,0.8,2,,Clear,clear-day,"08535099999,08532099999,08534099999,D7126,08536099999,LPPT,08579099999"
portugal,2018-10-09T19:00:00,22.5,22.5,6.6,35.96,0,0,,0,0,28.8,11.2,303,1005.9,0,11.5,37,0.1,0,,Clear,clear-day,"08532099999,08534099999,D7126,08536099999,LPPT,08579099999"
portugal,2018-10-09T20:00:00,20.6,20.6,7,41.33,0,0,,0,0,17.6,7.6,281,1005.8,0,10,0.1,0,0,,Clear,clear-night,"08535099999,08532099999,08534099999,08536099999,LPPT,08579099999"
portugal,2018-10-09T21:00:00,20.1,20.1,7.2,43.09,0,0,,0,0,15.8,11.1,310,1005.9,0,10,0,0,0,,Clear,clear-night,"08535099999,08532099999,08534099999,08536099999,LPPT,08579099999"
portugal,2018-10-09T22:00:00,20.1,20.1,7.3,43.54,0,0,,0,0,21.6,11.7,299,1006,0,11.6,0,0,0,,Clear,clear-night,"08535099999,08534099999,08536099999,LPPT,08579099999"
portugal,2018-10-09T23:00:00,18.6,18.6,10.5,59.28,0,0,,0,0,12.2,8.9,324,1006.4,0,10,0,0,0,,Clear,clear-night,"08535099999,08534099999,08536099999,LPPT,08579099999"
portugal,2018-10-10T00:00:00,18.5,18.5,8.8,53.27,0,0,,0,0,13,7.4,303,1006,0,10,0,0,0,,Clear,clear-night,"08535099999,08534099999,08536099999,LPPT,08579099999"
portugal,2018-10-10T01:00:00,17.6,17.6,9.9,60.55,0,0,,0,0,13.7,4.2,230,1005.6,0,11.6,0,0,0,,Clear,clear-night,"08535099999,08534099999,08536099999,LPPT,08579099999"
portugal,2018-10-10T02:00:00,17.1,17.1,13,77.19,0,0,,0,0,14.8,5.6,232,1005.4,0,10,0,0,0,,Clear,clear-night,"08535099999,08534099999,08536099999,LPPT,08579099999"
portugal,2018-10-10T03:00:00,17,17,14,82.48,0,0,,0,0,15.1,8.4,235,1005.1,0.6,10,0,0,0,,Clear,clear-night,"08535099999,08534099999,08536099999,LPPT,08579099999"
portugal,2018-10-10T04:00:00,16.6,16.6,14.5,87.4,0,0,,0,0,15.8,11,237,1004.8,0,11.6,0,0,0,,Clear,clear-night,"08535099999,08534099999,08536099999,LPPT,08579099999"
portugal,2018-10-10T05:00:00,17,17,15.2,89.57,0,0,,0,0,16.6,10,222,1004.6,50,10,0,0,0,,Partially cloudy,partly-cloudy-night,"08535099999,08534099999,08536099999,LPPT,08579099999"
portugal,2018-10-10T06:00:00,17,17,15.6,91.54,0,0,,0,0,18.7,10.8,200,1004.7,89.2,10,0,0,0,,Partially cloudy,partly-cloudy-night,"08535099999,08534099999,08536099999,LPPT,08579099999"
portugal,2018-10-10T07:00:00,16.6,16.6,15.8,94.82,0,0,,0,0,20.2,8.3,170,1005,47.7,10.8,0,0,0,,Partially cloudy,partly-cloudy-night,"08535099999,08532099999,08534099999,08536099999,LPPT,08579099999"
portugal,2018-10-10T08:00:00,17,17,16.1,94.29,0,0,,0,0,19.8,9.4,166,1005.2,55.3,8.5,11,0,0,,Partially cloudy,partly-cloudy-day,"08535099999,08532099999,08534099999,D7126,08536099999,LPPT,08579099999"
portugal,2018-10-10T09:00:00,17.7,17.7,16.1,90.14,0,0,,0,0,23.8,6.4,162,1005.6,77.8,9.5,77,0.3,1,,Partially cloudy,partly-cloudy-day,"08535099999,08532099999,08534099999,D7126,08536099999,LPPT,08579099999"
portugal,2018-10-10T10:00:00,19.6,19.6,16.3,81.25,0,0,,0,0,30.6,4.3,175,1005.6,79.1,17.4,286,1,3,,Partially cloudy,partly-cloudy-day,"08535099999,08532099999,08534099999,D7126,08536099999,LPPT,08579099999"
portugal,2018-10-10T11:00:00,20.6,20.6,14.7,68.89,0,0,,0,0,32,14.4,176,1005.8,50,10,449,1.6,4,,Partially cloudy,partly-cloudy-day,"08535099999,08532099999,08534099999,D7126,08536099999,LPPT,08579099999"
portugal,2018-10-10T12:00:00,22.8,22.8,14.2,58.38,0,0,,0,0,34.6,23.4,213,1005.9,57.6,10,469,1.7,5,,Partially cloudy,partly-cloudy-day,"08535099999,08532099999,08534099999,D7126,08536099999,LPPT,08579099999"
portugal,2018-10-10T13:00:00,21.5,21.5,15.1,66.61,0,0,,0,0,36,18.7,228,1006.2,78.4,23.7,611,2.2,6,,Partially cloudy,partly-cloudy-day,"08535099999,08532099999,08534099999,D7126,08536099999,LPPT,08579099999"
portugal,2018-10-10T14:00:00,22.3,22.3,15.5,65.3,0,0,,0,0,35.3,25.9,224,1005.6,87.7,10,688,2.5,7,,Partially cloudy,partly-cloudy-day,"08535099999,08532099999,08534099999,D7126,08536099999,LPPT,08579099999"
portugal,2018-10-10T15:00:00,21.8,21.8,14.7,64.25,0,0,,0,0,33.5,23.6,231,1005.5,37.8,10,608,2.2,6,,Partially cloudy,partly-cloudy-day,"08535099999,08532099999,08534099999,D7126,08536099999,LPPT,08579099999"
portugal,2018-10-10T16:00:00,21,21,14.9,68.07,0,0,,0,0,32.4,14.9,228,1005.3,87.6,25.9,497,1.8,5,,Partially cloudy,partly-cloudy-day,"08535099999,08532099999,08534099999,D7126,08536099999,LPPT,08579099999"
portugal,2018-10-10T17:00:00,21.1,21.1,15.2,68.93,0,0,,0,0,29.9,19.1,225,1005.4,56,10,349,1.3,3,,Partially cloudy,partly-cloudy-day,"08535099999,08532099999,08534099999,D7126,08536099999,LPPT,08579099999"
portugal,2018-10-10T18:00:00,20.6,20.6,15.3,71.28,0,0,,0,0,29.5,20.3,202,1005.4,31,10,199,0.7,2,,Partially cloudy,partly-cloudy-day,"08535099999,08534099999,D7126,08536099999,LPPT,08579099999"
portugal,2018-10-10T19:00:00,19.6,19.6,14.9,74.31,0,0,,0,0,32.4,17.7,209,1006.3,32.6,11.6,33,0.1,0,,Partially cloudy,partly-cloudy-day,"08535099999,08534099999,D7126,08536099999,LPPT,08579099999"
portugal,2018-10-10T20:00:00,19.2,19.2,15.5,79.19,0,0,,0,0,27.4,16.4,208,1007,82.9,10,0,0,0,,Partially cloudy,partly-cloudy-night,"08535099999,08534099999,08536099999,LPPT,08579099999"
portugal,2018-10-10T21:00:00,19.6,19.6,15.8,78.53,0,0,,0,0,27,15.5,188,1007,89.2,10,0,0,0,,Partially cloudy,partly-cloudy-night,"08535099999,08534099999,08536099999,LPPT,08579099999"
portugal,2018-10-10T22:00:00,19.6,19.6,16.1,80.26,0,0,,0,0,28.1,14.8,202,1007.5,89.2,11.6,0,0,0,,Partially cloudy,partly-cloudy-night,"08535099999,08534099999,08536099999,LPPT,08579099999"
portugal,2018-10-10T23:00:00,19.5,19.5,15.6,78.18,0,0,,0,0,28.4,17.4,175,1006.7,82.9,10,0,0,0,,Partially cloudy,partly-cloudy-night,"08535099999,08534099999,08536099999,LPPT,08579099999"
portugal,2018-10-11T00:00:00,19.5,19.5,15.3,76.74,0,0,,0,0,29.5,19,203,1007.4,90.7,10,0,0,0,,Overcast,cloudy,"08535099999,08534099999,08536099999,LPPT,08579099999"
portugal,2018-10-11T01:00:00,19.6,19.6,15.8,78.79,0,0,,0,0,25.2,19.1,202,1007,90.7,11.6,0,0,0,,Overcast,cloudy,"08535099999,08534099999,08536099999,LPPT,08579099999"
portugal,2018-10-11T02:00:00,20,20,16.6,80.5,0,0,,0,0,36.7,23.4,203,1007.2,89.2,10,0,0,0,,Partially cloudy,partly-cloudy-night,"08535099999,08534099999,08536099999,LPPT,08579099999"
portugal,2018-10-11T03:00:00,20,20,17,82.72,0,0,,0,0,40,22.4,213,1007.4,89.2,10,0,0,0,,Partially cloudy,partly-cloudy-night,"08535099999,08534099999,08536099999,LPPT,08579099999"
portugal,2018-10-11T04:00:00,19.5,19.5,16.6,83.51,0,0,,0,0,39.6,22.5,208,1006.8,82.9,11.6,0,0,0,,Partially cloudy,partly-cloudy-night,"08535099999,08534099999,08536099999,LPPT,08579099999"
portugal,2018-10-11T05:00:00,19.8,19.8,16.8,82.95,0,0,,0,0,42.5,23.4,208,1007.3,27.9,10,0,0,0,,Partially cloudy,partly-cloudy-night,"08535099999,08534099999,08536099999,LPPT,08579099999"
portugal,2018-10-11T06:00:00,19.1,19.1,17.1,87.88,0,0,,0,0,44.3,22.4,214,1007.7,50,10,0,0,0,,Partially cloudy,partly-cloudy-night,"08535099999,08534099999,08536099999,LPPT,08579099999"
portugal,2018-10-11T07:00:00,18.6,18.6,16.6,88.35,0,0,,0,0,40.7,19.7,213,1007.7,91.1,11.4,0,0,0,,Overcast,cloudy,"08535099999,08532099999,08534099999,08536099999,LPPT,08579099999"
portugal,2018-10-11T08:00:00,18.9,18.9,17.7,92.6,0.015,100,rain,0,0,29.5,15.4,266,1008.6,89.6,5,13,0,0,,"Rain, Partially cloudy",rain,"08535099999,08532099999,08534099999,D7126,08536099999,LPPT,08579099999"
portugal,2018-10-11T09:00:00,17.5,17.5,15.8,89.95,0.197,100,rain,0,0,25.2,10.4,296,1009.7,86.9,10,61,0.2,1,,"Rain, Partially cloudy",rain,"08535099999,08532099999,08534099999,D7126,08536099999,LPPT,08579099999"
portugal,2018-10-11T10:00:00,19.5,19.5,16,80.17,0.009,100,rain,0,0,32.4,10.6,291,1010.7,87.3,21,253,0.9,3,,"Rain, Partially cloudy",rain,"08535099999,08532099999,08534099999,D7126,08536099999,LPPT,08579099999"
portugal,2018-10-11T11:00:00,21,21,15.6,71.63,0,0,,0,0,25.6,11.6,303,1011.1,50,10,385,1.4,4,,Partially cloudy,partly-cloudy-day,"08535099999,08532099999,08534099999,D7126,08536099999,LPPT,08579099999"
portugal,2018-10-11T12:00:00,22,22,14.8,63.72,0,0,,0,0,22.7,10.9,272,1011.8,78.6,10,499,1.8,5,,Partially cloudy,partly-cloudy-day,"08535099999,08532099999,08534099999,D7126,08536099999,LPPT,08579099999"
portugal,2018-10-11T13:00:00,22.8,22.8,15.8,64.37,0,0,,0,0,19.1,12.1,232,1011.7,56,13.1,599,2.2,6,,Partially cloudy,partly-cloudy-day,"08535099999,08532099999,08534099999,D7126,08536099999,LPPT,08579099999"
portugal,2018-10-11T14:00:00,23.4,23.4,16.1,63.34,0,0,,0,0,19.1,16.3,226,1012.2,89,10,670,2.4,7,,Partially cloudy,partly-cloudy-day,"08535099999,D7126,08536099999,LPPT,08579099999"
portugal,2018-10-11T15:00:00,22.5,22.5,12.2,52.05,0,0,,0,0,24.1,15,218,1012.6,28,10,643,2.3,6,,Partially cloudy,partly-cloudy-day,"08535099999,08532099999,08534099999,D7126,08536099999,LPPT,08579099999"
portugal,2018-10-11T16:00:00,21.7,21.7,12.3,54.97,0,0,,0,0,25.2,15,240,1013.1,76.6,26.9,541,1.9,5,,Partially cloudy,partly-cloudy-day,"08535099999,08532099999,08534099999,D7126,08536099999,LPPT,08579099999"
portugal,2018-10-11T17:00:00,21.1,21.1,13.3,60.87,0,0,,0,0,24.1,18.2,233,1013.6,28,10,340,1.2,3,,Partially cloudy,partly-cloudy-day,"08535099999,08532099999,08534099999,D7126,08536099999,LPPT,08579099999"
portugal,2018-10-11T18:00:00,20.2,20.2,14,67.59,0,0,,0,0,20.5,17.6,235,1013.9,27.9,10,139,0.5,1,,Partially cloudy,partly-cloudy-day,"08535099999,08534099999,D7126,08536099999,LPPT,08579099999"
portugal,2018-10-11T19:00:00,19.1,19.1,14.7,75.25,0,0,,0,0,19.8,13.6,219,1014.5,90,11.6,32,0.1,0,,Partially cloudy,partly-cloudy-day,"08535099999,08534099999,D7126,08536099999,LPPT,08579099999"
portugal,2018-10-11T20:00:00,18.8,18.8,14.8,77.45,0,0,,0,0,16.9,9.3,210,1015.2,99.7,10,0,0,0,,Overcast,cloudy,"08535099999,08534099999,08536099999,LPPT,08579099999"
portugal,2018-10-11T21:00:00,18.6,18.6,15,79.49,0,0,,0,0,15.5,12.6,211,1016.2,96.8,10,0,0,0,,Overcast,cloudy,"08535099999,08534099999,08536099999,LPPT,08579099999"
portugal,2018-10-11T22:00:00,18.6,18.6,15.5,82.09,0,0,,0,0,16.6,12.7,197,1016.6,80,11.6,0,0,0,,Partially cloudy,partly-cloudy-night,"08535099999,08534099999,08536099999,LPPT,08579099999"
portugal,2018-10-11T23:00:00,18.1,18.1,16,87.48,0,0,,0,0,19.1,11.1,189,1017.1,27.5,10,0,0,0,,Partially cloudy,partly-cloudy-night,"08535099999,08534099999,08536099999,LPPT,08579099999"
portugal,2018-10-12T00:00:00,18.1,18.1,16.3,89.17,0,0,,0,0,21.6,10,171,1017,27.9,10,0,0,0,,Partially cloudy,partly-cloudy-night,"08535099999,08534099999,08536099999,LPPT,08579099999"
portugal,2018-10-12T01:00:00,18.1,18.1,16,87.81,0,0,,0,0,23.8,11.3,204,1017,29.5,11.6,0,0,0,,Partially cloudy,partly-cloudy-night,"08535099999,08534099999,08536099999,LPPT,08579099999"
portugal,2018-10-12T02:00:00,18.1,18.1,16.6,90.64,0,0,,0,0,24.1,11.4,207,1017.2,27.9,10,0,0,0,,Partially cloudy,partly-cloudy-night,"08535099999,08534099999,08536099999,LPPT,08579099999"
portugal,2018-10-12T03:00:00,18.5,18.5,17,91.09,0,0,,0,0,24.1,12.6,206,1017.1,27.9,10,0,0,0,,Partially cloudy,partly-cloudy-night,"08535099999,08534099999,08536099999,LPPT,08579099999"
portugal,2018-10-12T04:00:00,18,18,16.8,92.81,0,0,,0,0,24.1,9.1,168,1016.9,23.2,11.6,0,0,0,,Partially cloudy,partly-cloudy-night,"08535099999,08534099999,08536099999,LPPT,08579099999"
portugal,2018-10-12T05:00:00,17.6,17.6,16.8,95.32,0,0,,0,0,23.8,5.2,162,1017.4,27.5,10,0,0,0,,Partially cloudy,partly-cloudy-night,"08535099999,08534099999,08536099999,LPPT,08579099999"
portugal,2018-10-12T06:00:00,17.6,17.6,16.8,95.59,0,0,,0,0,23.4,9.3,184,1017.9,27.5,10,0,0,0,,Partially cloudy,partly-cloudy-night,"08535099999,08534099999,08536099999,LPPT,08579099999"
portugal,2018-10-12T07:00:00,17.5,17.5,16.8,95.53,0,0,,0,0,22.7,5.2,128,1018.2,28.7,11.4,0,0,0,,Partially cloudy,partly-cloudy-night,"08535099999,08532099999,08534099999,08536099999,LPPT,08579099999"
portugal,2018-10-12T08:00:00,17.5,17.5,16.9,96.06,0,0,,0,0,25.9,6.9,88,1018.7,46.2,10,14,0.1,0,,Partially cloudy,partly-cloudy-day,"08535099999,08532099999,08534099999,D7126,08536099999,LPPT,08579099999"
portugal,2018-10-12T09:00:00,18.5,18.5,17.5,94.31,0,0,,0,0,26.6,6.2,121,1019.8,46.9,10,81,0.3,1,,Partially cloudy,partly-cloudy-day,"08535099999,08532099999,08534099999,D7126,08536099999,LPPT,08579099999"
portugal,2018-10-12T10:00:00,20.1,20.1,17.8,86.64,0,0,,0,0,31,11.2,205,1020.2,84.2,10.3,282,1,3,,Partially cloudy,partly-cloudy-day,"08535099999,08532099999,08534099999,D7126,08536099999,LPPT,08579099999"
portugal,2018-10-12T11:00:00,23,23,18,73.55,0,0,,0,0,36.4,16,184,1020.5,47,10,377,1.4,4,,Partially cloudy,partly-cloudy-day,"08535099999,08532099999,08534099999,D7126,08536099999,LPPT,08579099999"
portugal,2018-10-12T12:00:00,25.3,25.3,16,56.61,0,0,,0,0,37.8,19.7,197,1020.5,28.7,10,504,1.8,5,,Partially cloudy,partly-cloudy-day,"08535099999,08532099999,08534099999,D7126,08536099999,LPPT,08579099999"
portugal,2018-10-12T13:00:00,24.9,24.9,16.2,58.48,0,0,,0,0,37.8,18.3,227,1020.5,86.6,25.4,440,1.6,4,,Partially cloudy,partly-cloudy-day,"08535099999,08532099999,08534099999,D7126,08536099999,LPPT,08579099999"
portugal,2018-10-12T14:00:00,24,24,16.1,61.29,0,0,,0,0,37.4,21,207,1020.3,28,10,682,2.5,7,,Partially cloudy,partly-cloudy-day,"08535099999,08532099999,08534099999,D7126,08536099999,LPPT,08579099999"
portugal,2018-10-12T15:00:00,24.1,24.1,16.1,61.03,0,0,,0,0,36.7,19.9,217,1020.1,28,10,428,1.5,4,,Partially cloudy,partly-cloudy-day,"08535099999,08532099999,08534099999,D7126,08536099999,LPPT,08579099999"
portugal,2018-10-12T16:00:00,23.7,23.7,16.2,62.91,0,0,,0,0,35.3,18.5,237,1020.2,86.5,26.9,330,1.2,3,,Partially cloudy,partly-cloudy-day,"08535099999,08532099999,08534099999,D7126,08536099999,LPPT,08579099999"
portugal,2018-10-12T17:00:00,22.9,22.9,16.1,65.57,0,0,,0,0,32.8,20,212,1020,28,10,274,1,3,,Partially cloudy,partly-cloudy-day,"08535099999,08532099999,08534099999,D7126,08536099999,LPPT,08579099999"
portugal,2018-10-12T18:00:00,22.2,22.2,16,68.01,0,0,,0,0,29.9,18.3,217,1019.7,27.9,10,140,0.5,1,,Partially cloudy,partly-cloudy-day,"08535099999,08534099999,D7126,08536099999,LPPT,08579099999"
portugal,2018-10-12T19:00:00,21.2,21.2,15,67.87,0,0,,0,0,25.2,18.2,207,1019.7,80,11.6,40,0.1,0,,Partially cloudy,partly-cloudy-day,"08535099999,08534099999,D7126,08536099999,LPPT,08579099999"
portugal,2018-10-12T20:00:00,20.7,20.7,14.6,68.25,0,0,,0,0,23.4,8.1,226,1019.7,30,10,0,0,0,,Partially cloudy,partly-cloudy-night,"08535099999,08534099999,08536099999,LPPT,08579099999"
portugal,2018-10-12T21:00:00,20.3,20.3,14.9,71.01,0,0,,0,0,20.9,7.6,207,1019.7,30,10,0,0,0,,Partially cloudy,partly-cloudy-night,"08535099999,08534099999,08536099999,LPPT,08579099999"
portugal,2018-10-12T22:00:00,19.6,19.6,15.1,75.03,0,0,,0,0,21.2,4.8,196,1019.3,60,11.6,0,0,0,,Partially cloudy,partly-cloudy-night,"08535099999,08534099999,08536099999,LPPT,08579099999"
portugal,2018-10-12T23:00:00,19.6,19.6,14.4,71.91,0,0,,0,0,21.2,5.9,145,1019,76.8,10,0,0,0,,Partially cloudy,partly-cloudy-night,"08535099999,08534099999,08536099999,LPPT,08579099999"
portugal,2018-10-13T00:00:00,19.1,19.1,13.8,71.26,0,0,,0,0,20.9,4,178,1018.4,95.9,10,0,0,0,,Overcast,cloudy,"08535099999,08534099999,08536099999,LPPT,08579099999"
portugal,2018-10-13T01:00:00,18.8,18.8,14.9,78.06,0,0,,0,0,21.2,4.2,3,1018.4,60,11.6,0,0,0,,Partially cloudy,partly-cloudy-night,"08535099999,08534099999,08536099999,LPPT,08579099999"
portugal,2018-10-13T02:00:00,18.4,18.4,15.5,83,0,0,,0,0,22.3,0.6,27,1017.7,100,10,0,0,0,,Overcast,cloudy,"08535099999,08534099999,08536099999,LPPT,08579099999"
portugal,2018-10-13T03:00:00,18.3,18.3,15.3,82.27,0,0,,0,0,22.3,3.6,60,1017,27.5,10,0,0,0,,Partially cloudy,partly-cloudy-night,"08535099999,08534099999,08536099999,LPPT,08579099999"
portugal,2018-10-13T04:00:00,18.4,18.4,15,80.78,0,0,,0,0,22,5.7,333,1016.4,27.9,11.6,0,0,0,,Partially cloudy,partly-cloudy-night,"08535099999,08534099999,08536099999,LPPT,08579099999"
portugal,2018-10-13T05:00:00,18,18,15.2,84.05,0,0,,0,0,20.9,3.8,54,1016.1,14.9,10,0,0,0,,Clear,clear-night,"08535099999,08534099999,08536099999,LPPT,08579099999"
portugal,2018-10-13T06:00:00,18.1,18.1,16.5,90.05,0,0,,0,0,19.1,7,42,1016,27.5,10,0,0,0,,Partially cloudy,partly-cloudy-night,"08535099999,08534099999,08536099999,LPPT,08579099999"
portugal,2018-10-13T07:00:00,17.4,17.4,15.7,90.2,0,0,,0,0,27.7,8.2,49,1015.6,30,11.6,0,0,0,,Partially cloudy,partly-cloudy-night,"08535099999,08534099999,08536099999,LPPT,08579099999"
portugal,2018-10-13T08:00:00,16.9,16.9,15.5,91.13,0,0,,0,0,19.8,8.3,60,1015.6,98,10,16,0.1,0,,Overcast,cloudy,"08535099999,08534099999,D7126,08536099999,LPPT,08579099999"
portugal,2018-10-13T09:00:00,17.4,17.4,14.8,84.79,0,0,,0,0,22.3,8.3,56,1015.7,100,10,80,0.3,1,,Overcast,cloudy,"08535099999,08534099999,D7126,08536099999,LPPT,08579099999"
portugal,2018-10-13T10:00:00,19,19,15.5,80.07,0,0,,0,0,25.9,3.7,42,1015.4,80,19.4,265,1,3,,Partially cloudy,partly-cloudy-day,"08535099999,08534099999,D7126,08536099999,LPPT,08579099999"
portugal,2018-10-13T11:00:00,22.4,22.4,16.7,70.22,0,0,,0,0,29.2,4.6,53,1015.2,27.5,10,463,1.7,5,,Partially cloudy,partly-cloudy-day,"08535099999,08534099999,D7126,08536099999,LPPT,08579099999"
portugal,2018-10-13T12:00:00,24.4,24.4,17,63.5,0,0,,0,0,31.7,10.5,165,1014.1,27.5,10,585,2.1,6,,Partially cloudy,partly-cloudy-day,"08535099999,08534099999,D7126,08536099999,LPPT,08579099999"
portugal,2018-10-13T13:00:00,24.9,24.9,16.6,60,0,0,,0,0,35.3,14.8,145,1012.7,35.7,11.6,646,2.3,6,,Partially cloudy,partly-cloudy-day,"08535099999,08534099999,D7126,08536099999,LPPT,08579099999"
portugal,2018-10-13T14:00:00,25.6,25.6,15.6,54.14,0,0,,0,0,36.7,20.1,194,1011.9,27.5,10,569,2,6,,Partially cloudy,partly-cloudy-day,"08534099999,D7126,08536099999,LPPT,08579099999"
portugal,2018-10-13T15:00:00,25.1,25.1,17.2,61.34,0,0,,0,0,37.1,24.1,214,1011.2,27.5,10,588,2.1,6,,Partially cloudy,partly-cloudy-day,"08535099999,08534099999,D7126,08536099999,LPPT,08579099999"
portugal,2018-10-13T16:00:00,24.9,24.9,17.7,64.58,0,0,,0,0,32.4,23.4,208,1010.4,35.7,11.6,489,1.8,5,,Partially cloudy,partly-cloudy-day,"08535099999,08534099999,D7126,08536099999,LPPT,08579099999"
portugal,2018-10-13T17:00:00,22.6,22.6,18.9,79.82,0,0,,0,0,41.8,25.5,212,1009.2,27.5,10,169,0.6,2,,Partially cloudy,partly-cloudy-day,"08535099999,08534099999,D7126,08536099999,LPPT,08579099999"
portugal,2018-10-13T18:00:00,22.7,22.7,17.1,70.59,0,0,,0,0,43.6,26.7,185,1007,27.5,10,107,0.4,1,,Partially cloudy,partly-cloudy-day,"08535099999,08534099999,D7126,08536099999,LPPT,08579099999"
portugal,2018-10-13T19:00:00,22.7,22.7,17.6,73.36,0,0,,0,0,51.5,34.2,185,1007,56.3,11.6,20,0.1,0,,Partially cloudy,partly-cloudy-day,"08535099999,08534099999,D7126,08536099999,LPPT,08579099999"
portugal,2018-10-13T20:00:00,21.6,21.6,19.3,86.79,0,0,,0,0,64.8,37.1,189,1006.4,89.2,10,0,0,0,,Partially cloudy,partly-cloudy-night,"08535099999,08534099999,08536099999,LPPT,08579099999"
portugal,2018-10-13T21:00:00,21.3,21.3,19.8,91.32,0.104,100,rain,0,0,63,40,204,1005.9,89.2,10,0,0,0,,"Rain, Partially cloudy",rain,"08535099999,08534099999,08536099999,LPPT,08579099999"
portugal,2018-10-13T22:00:00,17.7,17.7,16.8,94.43,0.003,100,rain,0,0,74.9,28.9,268,1007.4,89.2,9.9,0,0,0,,"Rain, Partially cloudy",rain,"08535099999,08534099999,08536099999,LPPT,08579099999"
portugal,2018-10-13T23:00:00,16.1,16.1,14.4,89.27,0,0,,0,0,59.4,34.3,305,1008.5,89.2,8.3,0,0,0,,Partially cloudy,partly-cloudy-night,"08535099999,08534099999,08536099999,LPPT,08579099999"
portugal,2018-10-14T00:00:00,16.4,16.4,12.6,78.01,0,0,,0,0,77.4,32.9,332,1009,56.3,10,0,0,0,,Partially cloudy,partly-cloudy-night,"08535099999,08534099999,08536099999,LPPT,08579099999"
portugal,2018-10-14T01:00:00,15.6,15.6,13.5,87.66,0,0,,0,0,74.9,23.8,310,1011.3,89.2,11.6,0,0,0,,Partially cloudy,partly-cloudy-night,"08535099999,08534099999,08536099999,LPPT,08579099999"
portugal,2018-10-14T02:00:00,14.9,14.9,11.5,80.14,0,0,,0,0,42.5,21.6,326,1011.8,89.2,10,0,0,0,,Partially cloudy,partly-cloudy-night,"08535099999,08534099999,08536099999,LPPT,08579099999"
portugal,2018-10-14T03:00:00,15,15,10.8,75.81,0,0,,0,0,57.6,19,343,1013,27.9,10,0,0,0,,Partially cloudy,partly-cloudy-night,"08535099999,08534099999,08536099999,LPPT,08579099999"
portugal,2018-10-14T04:00:00,15,15,10.4,73.68,0,0,,0,0,54,12.7,358,1013,54.7,11.6,0,0,0,,Partially cloudy,partly-cloudy-night,"08535099999,08534099999,08536099999,LPPT,08579099999"
portugal,2018-10-14T05:00:00,15.5,15.5,8.6,63.38,0,0,,0,0,50.8,14.4,338,1013.4,27.9,10,0,0,0,,Partially cloudy,partly-cloudy-night,"08535099999,08534099999,08536099999,LPPT,08579099999"
portugal,2018-10-14T06:00:00,15.1,15.1,8,62.49,0,0,,0,0,49.3,15.5,329,1013.9,27.9,10,0,0,0,,Partially cloudy,partly-cloudy-night,"08535099999,08534099999,08536099999,LPPT,08579099999"
portugal,2018-10-14T07:00:00,15.1,15.1,7.2,59.32,0,0,,0,0,49,15.4,334,1014.1,27.9,11.6,0,0,0,,Partially cloudy,partly-cloudy-night,"08535099999,08534099999,08536099999,LPPT,08579099999"
portugal,2018-10-14T08:00:00,14.6,14.6,7.4,61.81,0,0,,0,0,49.7,11.3,329,1014.7,27.9,10,18,0.1,0,,Partially cloudy,partly-cloudy-day,"08535099999,08534099999,D7126,08536099999,LPPT,08579099999"
portugal,2018-10-14T09:00:00,15.6,15.6,8.4,62.12,0,0,,0,0,48.2,15.2,325,1015.4,27.5,10,58,0.2,1,,Partially cloudy,partly-cloudy-day,"08535099999,08534099999,D7126,08536099999,LPPT,08579099999"
portugal,2018-10-14T10:00:00,17,17,9.3,60.46,0,0,,0,0,49.7,14.5,356,1016.5,76.8,21.3,280,1,3,,Partially cloudy,partly-cloudy-day,"08535099999,08534099999,D7126,08536099999,LPPT,08579099999"
portugal,2018-10-14T11:00:00,19,19,8.5,50.83,0,0,,0,0,50.4,21.9,325,1016.7,31,10,440,1.6,4,,Partially cloudy,partly-cloudy-day,"08535099999,08534099999,D7126,08536099999,LPPT,08579099999"
portugal,2018-10-14T12:00:00,18.9,18.9,8.6,51.22,0,0,,0,0,50,24.5,338,1017.3,50,10,441,1.6,4,,Partially cloudy,partly-cloudy-day,"08535099999,08534099999,D7126,08536099999,LPPT,08579099999"
portugal,2018-10-14T13:00:00,19.8,19.8,8.5,47.87,0,0,,0,0,49.7,24.2,338,1016.9,31,11.6,689,2.5,7,,Partially cloudy,partly-cloudy-day,"08535099999,08534099999,D7126,08536099999,LPPT,08579099999"
portugal,2018-10-14T14:00:00,20,20,7.2,43.47,0,0,,0,0,47.5,25.5,339,1016.4,27.9,10,592,2.1,6,,Partially cloudy,partly-cloudy-day,"08535099999,08534099999,D7126,08536099999,LPPT,08579099999"
portugal,2018-10-14T15:00:00,20,20,7.6,44.66,0,0,,0,0,46.1,21,330,1016,27.9,10,618,2.2,6,,Partially cloudy,partly-cloudy-day,"08535099999,08534099999,D7126,08536099999,LPPT,08579099999"
portugal,2018-10-14T16:00:00,19.1,19.1,8,48.65,0,0,,0,0,45.7,20.1,324,1015.7,46.9,11.6,548,2,5,,Partially cloudy,partly-cloudy-day,"08535099999,08534099999,D7126,08536099999,LPPT,08579099999"
portugal,2018-10-14T17:00:00,18.5,18.5,7.5,48.61,0,0,,0,0,45.4,23.6,325,1016,46.9,10,316,1.1,3,,Partially cloudy,partly-cloudy-day,"08535099999,08534099999,D7126,08536099999,LPPT,08579099999"
portugal,2018-10-14T18:00:00,17.1,17.1,8.8,58,0,0,,0,0,43.9,14.9,322,1015.9,27.9,10,177,0.6,2,,Partially cloudy,partly-cloudy-day,"08535099999,08534099999,D7126,08536099999,LPPT,08579099999"
portugal,2018-10-14T19:00:00,16.6,16.6,8.6,59.29,0,0,,0,0,41.4,12.2,319,1016,24.7,11.6,33,0.1,0,,Partially cloudy,partly-cloudy-night,"08535099999,08534099999,D7126,08536099999,LPPT,08579099999"
portugal,2018-10-14T20:00:00,16.1,16.1,8.5,60.41,0,0,,0,0,31,9.6,310,1016.4,27.5,10,0,0,0,,Partially cloudy,partly-cloudy-night,"08535099999,08534099999,08536099999,LPPT,08579099999"
portugal,2018-10-14T21:00:00,15.5,15.5,9.1,65.61,0,0,,0,0,26.3,9.1,277,1016.7,27.5,10,0,0,0,,Partially cloudy,partly-cloudy-night,"08535099999,08534099999,08536099999,LPPT,08579099999"
portugal,2018-10-14T22:00:00,14.8,14.8,9,68.22,0,0,,0,0,21.6,8.9,271,1016.8,0,11.6,0,0,0,,Clear,clear-night,"08535099999,08534099999,08536099999,LPPT,08579099999"
portugal,2018-10-14T23:00:00,14.6,14.6,9.1,69.51,0,0,,0,0,24.1,8.4,248,1016.6,35.8,10,0,0,0,,Partially cloudy,partly-cloudy-night,"08535099999,08534099999,08536099999,LPPT,08579099999"
portugal,2018-10-15T00:00:00,14.6,14.6,9.5,71.59,0,0,,0,0,23.8,7.6,242,1016.4,27.5,10,0,0,0,,Partially cloudy,partly-cloudy-night,"08535099999,08534099999,08536099999,LPPT,08579099999"
portugal,2018-10-15T01:00:00,15,15,9.6,70.39,0,0,,0,0,24.1,7.4,232,1015.7,27.9,11.6,0,0,0,,Partially cloudy,partly-cloudy-night,"08535099999,08534099999,08536099999,LPPT,08579099999"
portugal,2018-10-15T02:00:00,16,16,10.8,71.53,0,0,,0,0,27.4,10,233,1014.7,27.5,10,0,0,0,,Partially cloudy,partly-cloudy-night,"08535099999,08534099999,08536099999,LPPT,08579099999"
portugal,2018-10-15T03:00:00,16.9,16.9,11.8,71.73,0,0,,0,0,31,13.2,225,1013.9,27.5,10,0,0,0,,Partially cloudy,partly-cloudy-night,"08535099999,08534099999,08536099999,LPPT,08579099999"
portugal,2018-10-15T04:00:00,16.5,16.5,13.7,83.71,0,0,,0,0,39.6,20.1,235,1013,57.9,11.6,0,0,0,,Partially cloudy,partly-cloudy-night,"08535099999,08534099999,08536099999,LPPT,08579099999"
portugal,2018-10-15T05:00:00,15.6,15.6,15.1,96.83,1.894,100,rain,0,0,40.3,16.5,220,1012,89.2,5.3,0,0,0,,"Rain, Partially cloudy",rain,"08535099999,08534099999,08536099999,LPPT,08579099999"
portugal,2018-10-15T06:00:00,16.5,16.5,16,97.19,3.809,100,rain,0,0,43.6,24.8,233,1011.3,90.7,5,0,0,0,,"Rain, Overcast",rain,"08535099999,08534099999,08536099999,LPPT,08579099999"
portugal,2018-10-15T07:00:00,16.7,16.7,16.3,97.75,0.021,100,rain,0,0,39.6,26.1,224,1010.3,90.7,10.2,0,0,0,,"Rain, Overcast",rain,"08535099999,08532099999,08534099999,08536099999,LPPT,08579099999"
portugal,2018-10-15T08:00:00,17.5,17.5,17.1,97.51,1.036,100,rain,0,0,50.4,25.2,229,1009.3,90.7,3.7,13,0,0,,"Rain, Overcast",rain,"08535099999,08532099999,08534099999,D7126,08536099999,LPPT,08579099999"
portugal,2018-10-15T09:00:00,17.7,17.7,17.5,98.87,2.911,100,rain,0,0,44.6,25.2,225,1008.8,90.7,3,22,0.1,0,,"Rain, Overcast",rain,"08535099999,08532099999,08534099999,D7126,08536099999,LPPT,08579099999"
portugal,2018-10-15T10:00:00,18.1,18.1,17.6,96.65,0.219,100,rain,0,0,54,25.1,259,1009.1,99.4,4.2,130,0.5,1,,"Rain, Overcast",rain,"08535099999,08532099999,08534099999,D7126,08536099999,LPPT,08579099999"
portugal,2018-10-15T11:00:00,16.8,16.8,16.1,95.66,1.879,100,rain,0,0,42.5,18,271,1009.1,56,9.4,356,1.3,4,,"Rain, Partially cloudy",rain,"08535099999,08532099999,08534099999,D7126,08536099999,LPPT,08579099999"
portugal,2018-10-15T12:00:00,16.7,16.7,15.3,91.31,0.281,100,rain,0,0,42.5,20.3,285,1009.9,89.2,7.6,272,1,3,,"Rain, Partially cloudy",rain,"08535099999,08532099999,08534099999,D7126,08536099999,LPPT,08579099999"
portugal,2018-10-15T13:00:00,18.6,18.6,15.7,83.35,2.568,100,rain,0,0,51.8,17.9,278,1009.1,89.7,10.9,241,0.9,2,,"Rain, Partially cloudy",rain,"08535099999,08532099999,08534099999,D7126,08536099999,LPPT,08579099999"
portugal,2018-10-15T14:00:00,18,18,15.8,86.64,0.118,100,rain,0,0,50.8,19.5,286,1009,51.5,8.4,260,0.9,3,,"Rain, Partially cloudy",rain,"08535099999,08532099999,08534099999,D7126,08536099999,LPPT,08579099999"
portugal,2018-10-15T15:00:00,19.5,19.5,15.3,76.56,0,0,,0,0,47.9,18.8,281,1008.4,83.1,10,182,0.7,2,,Partially cloudy,partly-cloudy-day,"08535099999,08532099999,08534099999,D7126,08536099999,LPPT,08579099999"
portugal,2018-10-15T16:00:00,17.9,17.9,15.6,86.3,0.005,100,rain,0,0,44.6,11.2,281,1008.6,90,9.9,196,0.7,2,,"Rain, Partially cloudy",rain,"08535099999,08532099999,08534099999,D7126,08536099999,LPPT,08579099999"
portugal,2018-10-15T17:00:00,17.6,17.6,16.3,92.15,0.488,100,rain,0,0,42.8,13.8,289,1009,51.5,4.1,88,0.3,1,,"Rain, Partially cloudy",rain,"08535099999,08532099999,08534099999,D7126,08536099999,LPPT,08579099999"
portugal,2018-10-15T18:00:00,17.1,17.1,16.1,93.7,0.099,100,rain,0,0,38.9,11.9,276,1009.1,82.9,10,52,0.2,1,,"Rain, Partially cloudy",rain,"08535099999,08534099999,D7126,08536099999,LPPT,08579099999"
portugal,2018-10-15T19:00:00,17.1,17.1,16.3,94.77,0.001,100,rain,0,0,33.1,12.8,254,1009.2,89.2,9.9,15,0.1,0,,"Rain, Partially cloudy",rain,"08535099999,08534099999,D7126,08536099999,LPPT,08579099999"
portugal,2018-10-15T20:00:00,16.8,16.8,16.1,95.45,0.005,100,rain,0,0,28.8,11.2,254,1009.6,89.2,6.6,0,0,0,,"Rain, Partially cloudy",rain,"08535099999,08534099999,08536099999,LPPT,08579099999"
portugal,2018-10-15T21:00:00,16.7,16.7,16.1,96.44,0.094,100,rain,0,0,24.1,8.6,276,1010,56.3,10,0,0,0,,"Rain, Partially cloudy",rain,"08535099999,08534099999,08536099999,LPPT,08579099999"
portugal,2018-10-15T22:00:00,17.1,17.1,16.5,95.88,0,0,,0,0,20.2,9.4,298,1010.4,89.2,10.8,0,0,0,,Partially cloudy,partly-cloudy-night,"08535099999,08534099999,08536099999,LPPT,08579099999"
portugal,2018-10-15T23:00:00,16.7,16.7,16.1,96.38,0,0,,0,0,16.9,5.9,295,1011,89.2,10,0,0,0,,Partially cloudy,partly-cloudy-night,"08535099999,08534099999,08536099999,LPPT,08579099999"
portugal,2018-10-16T00:00:00,16.6,16.6,15.6,94.15,0,0,,0,0,15.8,5.7,286,1011.1,46.9,10,0,0,0,,Partially cloudy,partly-cloudy-night,"08535099999,08534099999,08536099999,LPPT,08579099999"
portugal,2018-10-16T01:00:00,16.6,16.6,15.8,95.29,0,0,,0,0,14.8,6,302,1011.3,84.4,11.6,0,0,0,,Partially cloudy,partly-cloudy-night,"08535099999,08534099999,08536099999,LPPT,08579099999"
portugal,2018-10-16T02:00:00,16.6,16.6,15.6,93.81,0,0,,0,0,13.7,3.8,5,1011.5,89.2,10,0,0,0,,Partially cloudy,partly-cloudy-night,"08535099999,08534099999,08536099999,LPPT,08579099999"
portugal,2018-10-16T03:00:00,17.1,17.1,15.5,90.34,0,0,,0,0,13.7,8.1,344,1011.7,89.2,10,0,0,0,,Partially cloudy,partly-cloudy-night,"08535099999,08534099999,08536099999,LPPT,08579099999"
portugal,2018-10-16T04:00:00,17.1,17.1,15.2,88.45,0,0,,0,0,14,5.1,2,1011.7,89.2,11.6,0,0,0,,Partially cloudy,partly-cloudy-night,"08535099999,08534099999,08536099999,LPPT,08579099999"
portugal,2018-10-16T05:00:00,17.5,17.5,15.4,87.55,0,0,,0,0,13.7,9.6,20,1012.1,89.2,10,0,0,0,,Partially cloudy,partly-cloudy-night,"08535099999,08534099999,08536099999,LPPT,08579099999"
portugal,2018-10-16T06:00:00,17,17,15.8,92.31,0,0,,0,0,13.3,7.6,24,1012.8,89.2,10,0,0,0,,Partially cloudy,partly-cloudy-night,"08535099999,08534099999,08536099999,LPPT,08579099999"
portugal,2018-10-16T07:00:00,16.9,16.9,15.6,92.05,0,0,,0,0,13.7,8.8,35,1013.2,89.2,10.3,0,0,0,,Partially cloudy,partly-cloudy-night,"08535099999,08532099999,08534099999,08536099999,LPPT,08579099999"
portugal,2018-10-16T08:00:00,16.9,16.9,15.5,91.53,0,0,,0,0,15.1,7.8,32,1013.9,89.2,9.4,18,0.1,0,,Partially cloudy,partly-cloudy-day,"08535099999,08532099999,08534099999,D7126,08536099999,LPPT,08579099999"
portugal,2018-10-16T09:00:00,16.6,16.6,15.1,91.11,0,0,,0,0,15.8,15.4,33,1015.2,89.2,10,68,0.2,1,,Partially cloudy,partly-cloudy-day,"08535099999,08532099999,08534099999,D7126,08536099999,LPPT,08579099999"
portugal,2018-10-16T10:00:00,17,17,14.8,86.86,0,0,,0,0,17.3,10.9,18,1015.8,76.2,13.1,182,0.7,2,,Partially cloudy,partly-cloudy-day,"08535099999,08532099999,08534099999,D7126,08536099999,LPPT,08579099999"
portugal,2018-10-16T11:00:00,18.6,18.6,14.2,75.72,0,0,,0,0,18.4,12.1,61,1016.1,37,10,330,1.2,3,,Partially cloudy,partly-cloudy-day,"08535099999,08532099999,08534099999,D7126,08536099999,LPPT,08579099999"
portugal,2018-10-16T12:00:00,20.5,20.5,14.4,67.81,0,0,,0,0,29.5,11.3,56,1016.3,28,10,204,0.7,2,,Partially cloudy,partly-cloudy-day,"08535099999,08532099999,08534099999,D7126,08536099999,LPPT,08579099999"
portugal,2018-10-16T13:00:00,21.5,21.5,14.6,64.54,0.01,100,rain,0,0,19.8,11.2,48,1016.5,49.4,21,554,2,6,,"Rain, Partially cloudy",rain,"08535099999,08532099999,08534099999,D7126,08536099999,LPPT,08579099999"
portugal,2018-10-16T14:00:00,21.1,21.1,14.1,64.16,0,0,,0,0,23.4,13.5,22,1016.3,48.5,10,647,2.3,6,,Partially cloudy,partly-cloudy-day,"08535099999,08532099999,08534099999,D7126,08536099999,LPPT,08579099999"
portugal,2018-10-16T15:00:00,21.6,21.6,14.7,64.85,0,0,,0,0,27.7,16.7,353,1016.1,50,10,665,2.4,7,,Partially cloudy,partly-cloudy-day,"08535099999,08532099999,08534099999,D7126,08536099999,LPPT,08579099999"
portugal,2018-10-16T16:00:00,22,22,14.5,62.5,0,0,,0,0,31,11.2,353,1016,61.5,26.9,535,1.9,5,,Partially cloudy,partly-cloudy-day,"08535099999,08532099999,08534099999,D7126,08536099999,LPPT,08579099999"
portugal,2018-10-16T17:00:00,22.1,22.1,14.3,61.12,0,0,,0,0,32.8,16.2,360,1016,50,10,369,1.3,4,,Partially cloudy,partly-cloudy-day,"08535099999,08532099999,08534099999,D7126,08536099999,LPPT,08579099999"
portugal,2018-10-16T18:00:00,21.1,21.1,15,68.02,0,0,,0,0,33.5,18,341,1016.6,50,10,172,0.6,2,,Partially cloudy,partly-cloudy-day,"08535099999,08534099999,D7126,08536099999,LPPT,08579099999"
portugal,2018-10-16T19:00:00,19.6,19.6,14.5,72.35,0,0,,0,0,32,17.7,335,1016.9,31,11.6,26,0.1,0,,Partially cloudy,partly-cloudy-night,"08535099999,08534099999,D7126,08536099999,LPPT,08579099999"
portugal,2018-10-16T20:00:00,18.5,18.5,14.1,75.56,0,0,,0,0,29.9,12.8,335,1017.8,27.5,10,0,0,0,,Partially cloudy,partly-cloudy-night,"08535099999,08534099999,08536099999,LPPT,08579099999"
portugal,2018-10-16T21:00:00,18,18,13.8,76.43,0,0,,0,0,28.8,16.2,332,1018,27.5,10,0,0,0,,Partially cloudy,partly-cloudy-night,"08535099999,08534099999,08536099999,LPPT,08579099999"
portugal,2018-10-16T22:00:00,17.6,17.6,13.8,78.82,0,0,,0,0,27.4,14.6,331,1018.6,27.9,11.6,0,0,0,,Partially cloudy,partly-cloudy-night,"08535099999,08534099999,08536099999,LPPT,08579099999"
portugal,2018-10-16T23:00:00,17.4,17.4,14.3,81.95,0,0,,0,0,26.6,16,337,1018.8,27.5,10,0,0,0,,Partially cloudy,partly-cloudy-night,"08535099999,08534099999,08536099999,LPPT,08579099999"
portugal,2018-10-17T00:00:00,16.9,16.9,14,83.02,0,0,,0,0,25.6,16,327,1018.8,27.5,10,0,0,0,,Partially cloudy,partly-cloudy-night,"08535099999,08534099999,08536099999,LPPT,08579099999"
portugal,2018-10-17T01:00:00,16.6,16.6,14.1,85.43,0,0,,0,0,25.2,14.8,326,1018.5,23.2,11.6,0,0,0,,Partially cloudy,partly-cloudy-night,"08535099999,08534099999,08536099999,LPPT,08579099999"
portugal,2018-10-17T02:00:00,16.1,16.1,13.8,86.41,0,0,,0,0,25.2,13.5,323,1018.6,27.5,10,0,0,0,,Partially cloudy,partly-cloudy-night,"08535099999,08534099999,08536099999,LPPT,08579099999"
portugal,2018-10-17T03:00:00,16.4,16.4,14.1,86.21,0,0,,0,0,24.8,11.7,331,1018.4,6.8,10,0,0,0,,Clear,clear-night,"08535099999,08534099999,08536099999,LPPT,08579099999"
portugal,2018-10-17T04:00:00,16.1,16.1,13.8,86.36,0,0,,0,0,25.2,11.5,330,1018.3,0,11.6,0,0,0,,Clear,clear-night,"08535099999,08534099999,08536099999,LPPT,08579099999"
portugal,2018-10-17T05:00:00,16.4,16.4,13.8,84.71,0,0,,0,0,25.2,12.2,342,1017.9,22.6,10,0,0,0,,Partially cloudy,partly-cloudy-night,"08535099999,08534099999,08536099999,LPPT,08579099999"
portugal,2018-10-17T06:00:00,15.6,15.6,13.3,86.3,0,0,,0,0,25.9,11.2,329,1018.5,15.8,10,0,0,0,,Clear,clear-night,"08535099999,08534099999,08536099999,LPPT,08579099999"
portugal,2018-10-17T07:00:00,15.5,15.5,13.1,85.73,0,0,,0,0,25.9,10.1,332,1018.5,10.1,11.3,0,0,0,,Clear,clear-night,"08535099999,08532099999,08534099999,08536099999,LPPT,08579099999"
portugal,2018-10-17T08:00:00,15.5,15.5,13,85.08,0,0,,0,0,23,10.3,329,1018.4,27.5,10,7,0,0,,Partially cloudy,partly-cloudy-day,"08535099999,D7126,08536099999,LPPT,08579099999"
portugal,2018-10-17T09:00:00,16.7,16.7,13.1,79.21,0,0,,0,0,25.6,8.6,330,1018.6,24.2,9.2,45,0.2,0,,Partially cloudy,partly-cloudy-day,"08535099999,08532099999,08534099999,D7126,08536099999,LPPT,08579099999"
portugal,2018-10-17T10:00:00,18.4,18.4,13.5,73.08,0,0,,0,0,27,7.4,360,1018.7,11.9,9.3,123,0.4,1,,Clear,clear-day,"08535099999,08532099999,08534099999,D7126,08536099999,LPPT,08579099999"
portugal,2018-10-17T11:00:00,19.4,19.4,14.2,71.71,0,0,,0,0,24.5,9.2,353,1018.6,48.5,10,157,0.6,2,,Partially cloudy,partly-cloudy-day,"08535099999,08532099999,08534099999,D7126,08536099999,LPPT,08579099999"
portugal,2018-10-17T12:00:00,20.4,20.4,13.3,63.73,0,0,,0,0,20.9,8.3,295,1018.3,80.1,10,270,1,3,,Partially cloudy,partly-cloudy-day,"08535099999,08532099999,08534099999,D7126,08536099999,LPPT,08579099999"
portugal,2018-10-17T13:00:00,20.9,20.9,13.1,60.85,0,0,,0,0,22.3,10.6,336,1017.6,61.5,18.3,452,1.6,5,,Partially cloudy,partly-cloudy-day,"08535099999,08532099999,08534099999,D7126,08536099999,LPPT,08579099999"
portugal,2018-10-17T14:00:00,22.4,22.4,12.7,54.52,0,0,,0,0,24.8,8.4,313,1016.6,28.7,10,615,2.2,6,,Partially cloudy,partly-cloudy-day,"08535099999,08532099999,08534099999,D7126,08536099999,LPPT,08579099999"
portugal,2018-10-17T15:00:00,21.5,21.5,13.1,58.69,0,0,,0,0,28.1,10.3,306,1015.7,47,10,229,0.8,2,,Partially cloudy,partly-cloudy-day,"08535099999,08532099999,08534099999,D7126,08536099999,LPPT,08579099999"
portugal,2018-10-17T16:00:00,20.4,20.4,13.6,65.03,0,0,,0,0,31.7,11.2,309,1015.5,89.5,24.1,101,0.4,1,,Partially cloudy,partly-cloudy-day,"08535099999,08532099999,08534099999,D7126,08536099999,LPPT,08579099999"
portugal,2018-10-17T17:00:00,18.5,18.5,14.6,78.16,0,0,,0,0,38.2,17.2,300,1015.4,89,10,58,0.2,1,,Partially cloudy,partly-cloudy-day,"08535099999,D7126,08536099999,LPPT,08579099999"
portugal,2018-10-17T18:00:00,16.4,16.4,12.6,78.51,0,0,,0,0,47.5,20.1,353,1015.6,89.2,10,60,0.2,1,,Partially cloudy,partly-cloudy-day,"08535099999,08534099999,D7126,08536099999,LPPT,08579099999"
portugal,2018-10-17T19:00:00,15.9,15.9,12.2,78.39,0.001,100,rain,0,0,43.2,17.4,355,1015.3,89.2,11.6,15,0.1,0,,"Rain, Partially cloudy",rain,"08535099999,08534099999,D7126,08536099999,LPPT,08579099999"
portugal,2018-10-17T20:00:00,15.1,15.1,13,87.4,0.223,100,rain,0,0,42.5,16,4,1015.7,37.3,10,0,0,0,,"Rain, Partially cloudy",rain,"08535099999,08534099999,08536099999,LPPT,08579099999"
portugal,2018-10-17T21:00:00,15.5,15.5,13,85.12,0.005,100,rain,0,0,42.8,8.4,335,1015.5,27.9,10,0,0,0,,"Rain, Partially cloudy",rain,"08535099999,08534099999,08536099999,LPPT,08579099999"
portugal,2018-10-17T22:00:00,15.1,15.1,12,82.08,0,0,,0,0,42.1,13.7,326,1015.6,27.9,11.6,0,0,0,,Partially cloudy,partly-cloudy-night,"08535099999,08534099999,08536099999,LPPT,08579099999"
portugal,2018-10-17T23:00:00,15.3,15.3,12.4,82.62,0,0,,0,0,40.7,15.2,335,1015.1,27.5,10,0,0,0,,Partially cloudy,partly-cloudy-night,"08535099999,08534099999,08536099999,LPPT,08579099999"
portugal,2018-10-18T00:00:00,14.4,14.4,10.6,77.63,0.193,100,rain,0,0,39.6,19.8,353,1014.9,37.3,10,0,0,0,,"Rain, Partially cloudy",rain,"08535099999,08534099999,08536099999,LPPT,08579099999"
portugal,2018-10-18T01:00:00,14.9,14.9,10.1,73,0.01,100,rain,0,0,40,14,345,1013.7,56.3,10.8,0,0,0,,"Rain, Partially cloudy",rain,"08535099999,08534099999,08536099999,LPPT,08579099999"
portugal,2018-10-18T02:00:00,14.9,14.9,11.2,78.35,0,0,,0,0,39.6,18.6,350,1013.2,89,10,0,0,0,,Partially cloudy,partly-cloudy-night,"08535099999,08534099999,08536099999,LPPT,08579099999"
portugal,2018-10-18T03:00:00,14.6,14.6,11.6,82.38,0.094,100,rain,0,0,39.2,17.7,338,1012,50,10,0,0,0,,"Rain, Partially cloudy",rain,"08535099999,08534099999,08536099999,LPPT,08579099999"
portugal,2018-10-18T04:00:00,14.6,14.6,11.8,83.59,0.001,100,rain,0,0,41,13,331,1011,32.6,11.6,0,0,0,,"Rain, Partially cloudy",rain,"08535099999,08534099999,08536099999,LPPT,08579099999"
portugal,2018-10-18T05:00:00,14.5,14.5,11.4,81.53,0,0,,0,0,46.1,18.1,340,1010.3,27.5,10,0,0,0,,Partially cloudy,partly-cloudy-night,"08535099999,08534099999,08536099999,LPPT,08579099999"
portugal,2018-10-18T06:00:00,14.6,14.6,12.1,85.2,0,0,,0,0,45.7,11.9,321,1010,27.5,10,0,0,0,,Partially cloudy,partly-cloudy-night,"08535099999,08534099999,08536099999,LPPT,08579099999"
portugal,2018-10-18T07:00:00,14.8,14.8,13.3,90.78,0.281,100,rain,0,0,28.8,10.7,325,1009.6,81.6,10.7,0,0,0,,"Rain, Partially cloudy",rain,"08535099999,08532099999,08534099999,08536099999,LPPT,08579099999"
portugal,2018-10-18T08:00:00,14.6,14.6,12.8,89.14,0.094,100,rain,0,0,29.9,14.7,348,1009.2,48.5,10,10,0,0,,"Rain, Partially cloudy",rain,"08535099999,08532099999,08534099999,D7126,08536099999,LPPT,08579099999"
portugal,2018-10-18T09:00:00,15.4,15.4,12.8,84.55,0,0,,0,0,31.7,11.2,350,1009,31.8,10,68,0.2,1,,Partially cloudy,partly-cloudy-day,"08535099999,08532099999,08534099999,D7126,08536099999,LPPT,08579099999"
portugal,2018-10-18T10:00:00,16.1,16.1,12.4,78.83,0.126,100,rain,0,0,37.1,14.6,20,1009.8,54.9,11.6,282,1,3,,"Rain, Partially cloudy",rain,"08535099999,08532099999,08534099999,D7126,08536099999,LPPT,08579099999"
portugal,2018-10-18T11:00:00,17.5,17.5,11.9,69.51,0,0,,0,0,37.8,22.1,33,1009.7,47,10,319,1.1,3,,Partially cloudy,partly-cloudy-day,"08535099999,08532099999,08534099999,D7126,08536099999,LPPT,08579099999"
portugal,2018-10-18T12:00:00,19.1,19.1,12.6,66.39,0,0,,0,0,37.1,19.9,15,1009.6,56,10,431,1.6,4,,Partially cloudy,partly-cloudy-day,"08535099999,08532099999,08534099999,D7126,08536099999,LPPT,08579099999"
portugal,2018-10-18T13:00:00,19.5,19.5,12.3,62.84,0,0,,0,0,39.2,15,28,1009.8,89.9,21,502,1.8,5,,Partially cloudy,partly-cloudy-day,"08535099999,08532099999,08534099999,D7126,08536099999,LPPT,08579099999"
portugal,2018-10-18T14:00:00,19.1,19.1,13.3,69.2,0,0,,0,0,38.9,19.3,351,1009.5,87.7,10,645,2.3,6,,Partially cloudy,partly-cloudy-day,"08535099999,08532099999,08534099999,D7126,08536099999,LPPT,08579099999"
portugal,2018-10-18T15:00:00,20.7,20.7,12.6,59.83,0,0,,0,0,42.1,20.6,21,1009,30.3,10,559,2,6,,Partially cloudy,partly-cloudy-day,"08535099999,08532099999,08534099999,D7126,08536099999,LPPT,08579099999"
portugal,2018-10-18T16:00:00,21.5,21.5,13.3,59.54,0,0,,0,0,32.4,14.9,359,1008.6,58.2,23.1,471,1.7,5,,Partially cloudy,partly-cloudy-day,"08535099999,08532099999,08534099999,D7126,08536099999,LPPT,08579099999"
portugal,2018-10-18T17:00:00,21.1,21.1,13.4,61.17,0,0,,0,0,44.6,20.8,345,1009,28,10,162,0.6,2,,Partially cloudy,partly-cloudy-day,"08535099999,08532099999,08534099999,D7126,08536099999,LPPT,08579099999"
portugal,2018-10-18T18:00:00,20,20,13.8,67.9,0,0,,0,0,41.8,23.1,344,1008.9,30,10,149,0.5,1,,Partially cloudy,partly-cloudy-day,"08535099999,08534099999,D7126,08536099999,LPPT,08579099999"
portugal,2018-10-18T19:00:00,19.5,19.5,13.8,69.87,0,0,,0,0,38.9,19.4,339,1009.5,50,11.6,17,0.1,0,,Partially cloudy,partly-cloudy-night,"08535099999,08534099999,D7126,08536099999,LPPT,08579099999"
portugal,2018-10-18T20:00:00,19.5,19.5,13.6,69.01,0,0,,0,0,41.4,20.8,340,1010,19.7,10,0,0,0,,Clear,clear-night,"08535099999,08534099999,08536099999,LPPT,08579099999"
portugal,2018-10-18T21:00:00,19,19,13.8,72.22,0,0,,0,0,40,21.2,339,1010.4,20.3,10,0,0,0,,Partially cloudy,partly-cloudy-night,"08535099999,08534099999,08536099999,LPPT,08579099999"
portugal,2018-10-18T22:00:00,19,19,14,72.7,0,0,,0,0,33.5,14.6,344,1010.9,30,11.6,0,0,0,,Partially cloudy,partly-cloudy-night,"08535099999,08534099999,08536099999,LPPT,08579099999"
portugal,2018-10-18T23:00:00,18.6,18.6,14.3,75.95,0,0,,0,0,39.6,17.8,345,1011.7,2.7,10,0,0,0,,Clear,clear-night,"08535099999,08534099999,08536099999,LPPT,08579099999"
portugal,2018-10-19T00:00:00,18.6,18.6,13.8,73.74,0,0,,0,0,39.2,15.3,6,1011.2,2.9,10,0,0,0,,Clear,clear-night,"08535099999,08534099999,08536099999,LPPT,08579099999"
portugal,2018-10-19T01:00:00,19,19,13.8,71.83,0,0,,0,0,32.4,21.2,340,1010.7,10,11.6,0,0,0,,Clear,clear-night,"08535099999,08534099999,08536099999,LPPT,08579099999"
portugal,2018-10-19T02:00:00,18.9,18.9,13.5,71.15,0,0,,0,0,37.1,12.6,43,1010.7,2.9,10,0,0,0,,Clear,clear-night,"08535099999,08534099999,08536099999,LPPT,08579099999"
portugal,2018-10-19T03:00:00,17.9,17.9,13.5,75.52,0,0,,0,0,36,14.5,347,1010.2,3.9,10,0,0,0,,Clear,clear-night,"08535099999,08534099999,08536099999,LPPT,08579099999"
portugal,2018-10-19T04:00:00,17.6,17.6,13.1,75.08,0,0,,0,0,34.9,17.9,346,1009.7,10,10.8,0,0,0,,Clear,clear-night,"08535099999,08534099999,08536099999,LPPT,08579099999"
portugal,2018-10-19T05:00:00,17.9,17.9,12.7,71.36,0,0,,0,0,32.4,15.5,347,1009.8,20.9,10,0,0,0,,Partially cloudy,partly-cloudy-night,"08535099999,08534099999,08536099999,LPPT,08579099999"
portugal,2018-10-19T06:00:00,17,17,12.8,76.33,0,0,,0,0,30.6,12.9,337,1009.6,36.6,10,0,0,0,,Partially cloudy,partly-cloudy-night,"08535099999,08534099999,08536099999,LPPT,08579099999"
portugal,2018-10-19T07:00:00,17.4,17.4,12.6,73.72,0,0,,0,0,28.8,12.7,349,1010.1,90,10.8,0,0,0,,Partially cloudy,partly-cloudy-night,"08535099999,08532099999,08534099999,08536099999,LPPT,08579099999"
portugal,2018-10-19T08:00:00,16.6,16.6,13.8,83.89,0,0,,0,0,24.1,7.7,75,1011.1,3.2,10,0.3,0,0,,Clear,clear-day,"08535099999,08532099999,08534099999,08536099999,LPPT,08579099999"
portugal,2018-10-19T09:00:00,16.6,16.6,13.8,83.9,0,0,,0,0,29.5,7.5,60,1011.7,30,10,49,0.2,0,,Partially cloudy,partly-cloudy-day,"08535099999,08532099999,08534099999,D7126,08536099999,LPPT,08579099999"
portugal,2018-10-19T10:00:00,17.5,17.5,13.6,77.65,0,0,,0,0,33.5,10.4,67,1012.2,43.8,12.6,220,0.8,2,,Partially cloudy,partly-cloudy-day,"08535099999,08532099999,08534099999,D7126,08536099999,LPPT,08579099999"
portugal,2018-10-19T11:00:00,19.6,19.6,13.6,68.27,0,0,,0,0,26.3,11.2,39,1012.6,49.2,10,371,1.3,4,,Partially cloudy,partly-cloudy-day,"08535099999,08532099999,08534099999,D7126,08536099999,LPPT,08579099999"
portugal,2018-10-19T12:00:00,20.6,20.6,13.1,62.25,0,0,,0,0,40.7,16,50,1012.3,28,10,344,1.2,3,,Partially cloudy,partly-cloudy-day,"08535099999,08532099999,08534099999,D7126,08536099999,LPPT,08579099999"
portugal,2018-10-19T13:00:00,22,22,13.6,58.87,0.001,100,rain,0,0,34.6,11.7,59,1011.8,74.9,23.7,496,1.8,5,,"Rain, Partially cloudy",rain,"08535099999,08532099999,08534099999,D7126,08536099999,LPPT,08579099999"
portugal,2018-10-19T14:00:00,22.9,22.9,13.3,54.69,0,0,,0,0,31.3,14.4,57,1011.9,50,10,501,1.8,5,,Partially cloudy,partly-cloudy-day,"08535099999,08532099999,08534099999,D7126,08536099999,LPPT,08579099999"
portugal,2018-10-19T15:00:00,22.5,22.5,13.1,55.38,0,0,,0,0,26.6,15.1,37,1011.5,28.7,10,497,1.8,5,,Partially cloudy,partly-cloudy-day,"08535099999,08532099999,08534099999,D7126,08536099999,LPPT,08579099999"
portugal,2018-10-19T16:00:00,22.7,22.7,13.6,56.63,0,0,,0,0,23.4,11.2,51,1011.4,87.6,26.9,257,0.9,3,,Partially cloudy,partly-cloudy-day,"08535099999,08532099999,08534099999,D7126,08536099999,LPPT,08579099999"
portugal,2018-10-19T17:00:00,22.7,22.7,13.1,54.69,0,0,,0,0,19.4,8.3,38,1011.4,47,10,187,0.7,2,,Partially cloudy,partly-cloudy-day,"08535099999,08532099999,08534099999,D7126,08536099999,LPPT,08579099999"
portugal,2018-10-19T18:00:00,23,23,13.1,53.63,0,0,,0,0,18.7,14.6,40,1011.5,50,10,97,0.3,1,,Partially cloudy,partly-cloudy-day,"08535099999,08534099999,D7126,08536099999,LPPT,08579099999"
portugal,2018-10-19T19:00:00,23,23,13,53.26,0,0,,0,0,18,12.9,13,1012,51.6,11.6,27,0.1,0,,Partially cloudy,partly-cloudy-night,"08535099999,08534099999,D7126,08536099999,LPPT,08579099999"
portugal,2018-10-19T20:00:00,20.7,20.7,14.8,68.99,0,0,,0,0,24.5,11.8,257,1013.2,27.9,10,0,0,0,,Partially cloudy,partly-cloudy-night,"08535099999,08534099999,08536099999,LPPT,08579099999"
portugal,2018-10-19T21:00:00,21.2,21.2,13.9,62.97,0,0,,0,0,24.1,6.7,57,1013.6,37.3,10,0,0,0,,Partially cloudy,partly-cloudy-night,"08535099999,08534099999,08536099999,LPPT,08579099999"
portugal,2018-10-19T22:00:00,18.7,18.7,15.6,81.92,0,0,,0,0,23,3.6,360,1013.7,35.7,11.6,0,0,0,,Partially cloudy,partly-cloudy-night,"08535099999,08534099999,08536099999,LPPT,08579099999"
portugal,2018-10-19T23:00:00,19.6,19.6,15.1,75.37,0,0,,0,0,22,4.5,14,1013.9,27.9,10,0,0,0,,Partially cloudy,partly-cloudy-night,"08535099999,08534099999,08536099999,LPPT,08579099999"
portugal,2018-10-20T00:00:00,18.7,18.7,16.4,86.89,0,0,,0,0,35.3,7.8,113,1014.4,27.9,10,0,0,0,,Partially cloudy,partly-cloudy-night,"08535099999,08534099999,08536099999,LPPT,08579099999"
portugal,2018-10-20T01:00:00,18.1,18.1,15.3,83.66,0.021,100,rain,0,0,20.5,4.2,120,1013.8,37.3,10.3,0,0,0,,"Rain, Partially cloudy",rain,"08535099999,08534099999,08536099999,LPPT,08579099999"
portugal,2018-10-20T02:00:00,18.1,18.1,15.1,82.83,0,0,,0,0,20.9,7.2,66,1013.7,27.9,10,0,0,0,,Partially cloudy,partly-cloudy-night,"08535099999,08534099999,08536099999,LPPT,08579099999"
portugal,2018-10-20T03:00:00,18.4,18.4,14.7,78.83,0,0,,0,0,21.6,7.4,24,1013.8,50,10,0,0,0,,Partially cloudy,partly-cloudy-night,"08535099999,08534099999,08536099999,LPPT,08579099999"
portugal,2018-10-20T04:00:00,18,18,14.7,80.74,0,0,,0,0,22,11.3,38,1014,32.6,10.8,0,0,0,,Partially cloudy,partly-cloudy-night,"08535099999,08534099999,08536099999,LPPT,08579099999"
portugal,2018-10-20T05:00:00,18.1,18.1,15.1,82.8,0,0,,0,0,22,18.4,67,1014.3,79.7,10,0,0,0,,Partially cloudy,partly-cloudy-night,"08535099999,08534099999,08536099999,LPPT,08579099999"
portugal,2018-10-20T06:00:00,17.4,17.4,15.1,86.18,0,0,,0,0,21.6,14.6,58,1014.4,27.9,10,0,0,0,,Partially cloudy,partly-cloudy-night,"08535099999,08534099999,08536099999,LPPT,08579099999"
portugal,2018-10-20T07:00:00,17,17,15.1,88.54,0,0,,0,0,21.6,13,49,1014.8,32.6,11.6,0,0,0,,Partially cloudy,partly-cloudy-night,"08535099999,08534099999,08536099999,LPPT,08579099999"
portugal,2018-10-20T08:00:00,16.9,16.9,15,88.53,0,0,,0,0,19.8,13.2,58,1014.9,27.9,10,11,0,0,,Partially cloudy,partly-cloudy-day,"08535099999,08532099999,08534099999,D7126,08536099999,LPPT,08579099999"
portugal,2018-10-20T09:00:00,17.5,17.5,14.8,84.58,0,0,,0,0,21.2,12.7,54,1015.6,27.9,10,44,0.2,0,,Partially cloudy,partly-cloudy-day,"08535099999,08532099999,08534099999,D7126,08536099999,LPPT,08579099999"
portugal,2018-10-20T10:00:00,18.5,18.5,14.8,79.32,0,0,,0,0,23,14.5,51,1015.9,39.5,12,144,0.5,1,,Partially cloudy,partly-cloudy-day,"08535099999,08532099999,08534099999,D7126,08536099999,LPPT,08579099999"
portugal,2018-10-20T11:00:00,20.1,20.1,14.8,71.74,0,0,,0,0,25.6,17.6,52,1016,27.9,10,456,1.6,5,,Partially cloudy,partly-cloudy-day,"08535099999,08534099999,D7126,08536099999,LPPT,08579099999"
portugal,2018-10-20T12:00:00,21.1,21.1,14.9,67.66,0,0,,0,0,25.6,18.8,51,1016,31,10,571,2.1,6,,Partially cloudy,partly-cloudy-day,"08535099999,08534099999,D7126,08536099999,LPPT,08579099999"
portugal,2018-10-20T13:00:00,22.5,22.5,15.1,62.97,0,0,,0,0,24.1,17.8,54,1015.1,32.5,11.5,695,2.5,7,,Partially cloudy,partly-cloudy-day,"08535099999,08532099999,08534099999,D7126,08536099999,LPPT,08579099999"
portugal,2018-10-20T14:00:00,23.1,23.1,13.4,54.25,0,0,,0,0,22.3,15.3,73,1014.6,31,10,483,1.7,5,,Partially cloudy,partly-cloudy-day,"08535099999,08532099999,08534099999,D7126,08536099999,LPPT,08579099999"
portugal,2018-10-20T15:00:00,23.6,23.6,12.8,50.81,0,0,,0,0,28.4,14.6,66,1014.3,31.8,10,567,2,6,,Partially cloudy,partly-cloudy-day,"08535099999,08532099999,08534099999,D7126,08536099999,LPPT,08579099999"
portugal,2018-10-20T16:00:00,23.6,23.6,12.3,49.23,0,0,,0,0,28.1,12.7,70,1013.9,32.6,11.6,354,1.3,4,,Partially cloudy,partly-cloudy-day,"08535099999,08534099999,D7126,08536099999,LPPT,08579099999"
portugal,2018-10-20T17:00:00,24,24,12.3,47.88,0,0,,0,0,28.1,10,86,1013.7,31,10,209,0.8,2,,Partially cloudy,partly-cloudy-day,"08535099999,08534099999,D7126,08536099999,LPPT,08579099999"
portugal,2018-10-20T18:00:00,23.1,23.1,12.1,50.03,0,0,,0,0,25.2,13.1,100,1014.2,31,10,135,0.5,1,,Partially cloudy,partly-cloudy-day,"08535099999,08534099999,D7126,08536099999,LPPT,08579099999"
portugal,2018-10-20T19:00:00,21.7,21.7,11.6,52.67,0,0,,0,0,20.9,11.8,124,1014.6,35.7,11.6,18,0.1,0,,Partially cloudy,partly-cloudy-night,"08535099999,08534099999,D7126,08536099999,LPPT,08579099999"
portugal,2018-10-20T20:00:00,20.7,20.7,12.9,61.24,0,0,,0,0,18.7,5.9,131,1015.1,50,10,0,0,0,,Partially cloudy,partly-cloudy-night,"08535099999,08534099999,08536099999,LPPT,08579099999"
portugal,2018-10-20T21:00:00,19.1,19.1,13.8,71.37,0,0,,0,0,22.7,8.6,159,1015.4,50,10,0,0,0,,Partially cloudy,partly-cloudy-night,"08535099999,08534099999,08536099999,LPPT,08579099999"
portugal,2018-10-20T22:00:00,19.2,19.2,12.4,64.77,0,0,,0,0,18,3.6,115,1015.7,80,11.6,0,0,0,,Partially cloudy,partly-cloudy-night,"08535099999,08534099999,08536099999,LPPT,08579099999"
portugal,2018-10-20T23:00:00,19.5,19.5,13.2,66.91,0,0,,0,0,10.4,4,116,1016.2,50,10,0,0,0,,Partially cloudy,partly-cloudy-night,"08535099999,08534099999,08536099999,LPPT,08579099999"
